,21.0191,2.67639e-17,28.3456
,21.0191,2.67639e-17,28.3456
,19.9028,2.34488e-17,28.1646
,18.2805,2.53463e-17,27.8654
,16.7534,2.81228e-17,27.4677
,15.3482,2.43178e-17,27.0127
,12.4955,3.10323e-17,24.9185
,11.1085,2.18979e-17,24.4887
,9.59864,2.4017e-17,24.1208
,8.02771,3.83632e-17,23.8208
,2.59728,7.06151e-17,20.4761
,1.60747,1.07555e-16,20.3207
,0.918365,1.34221e-16,20.2017
,0.519615,2.39007e-16,20.1214
,0.721595,4.70478e-16,20.0836
,4.49115,5.36476e-18,20.432
,6.48486,-7.58982e-17,20.4444
,7.37196,-1.12112e-16,20.4544
,7.75797,-7.09017e-17,20.4484
,7.91486,-3.09184e-16,20.4207
,9.00642,3.34899e-16,22.2738
,-16.1848,6.12302e-16,-36.4017
,5.01358,-1.14547e-17,10.6247
,7.08045,-9.92973e-17,19.1803
,8.06354,9.96765e-18,20.3401
,8.39983,3.65621e-17,20.7592
,8.37192,7.48994e-17,20.839
,8.38525,-1.17519e-17,20.966
,8.40664,1.02143e-16,21.0889
,8.42963,4.54186e-17,21.1947
,8.61393,5.74667e-17,21.4588
,8.51095,9.44409e-17,21.3927
,8.51013,5.55109e-17,21.4466
,8.52866,4.21536e-17,21.5322
,8.55071,2.18416e-17,21.6358
,8.61767,-8.19928e-18,21.9145
,8.55891,2.26552e-18,21.9197
,8.56243,6.95267e-17,22.0336
,8.57928,4.11016e-17,22.1662
,8.59867,-7.65293e-18,22.2999
,8.59988,-2.19473e-17,22.6825
,8.61889,8.31296e-17,22.5937
,8.65887,-2.79291e-17,22.6842
,8.68979,-2.75028e-16,22.8087
,8.89464,1.32655e-15,22.9444
,8.88241,1.96812e-16,23.3514
,8.99604,4.52797e-17,23.2646
,9.20008,1.55983e-16,23.3788
,9.53202,9.31082e-16,23.5362
,9.01612,-4.77107e-18,23.7795
,9.14295,-2.8525e-17,24.1286
,9.0007,-7.37368e-17,24.0694
,8.97812,2.59488e-17,24.1789
,8.97844,-2.04068e-17,24.325
,8.98173,6.0251e-17,24.4816
,9.17445,2.20731e-18,24.8865
,9.03618,-1.11176e-17,24.8504
,9.00594,5.33056e-17,24.9792
,8.99612,-1.28293e-17,25.1439
,8.98862,7.31386e-17,25.3173
,9.17927,9.20838e-18,25.7613
,9.02402,3.35475e-17,25.7149
,8.98053,2.12672e-17,25.8472
,8.86421,5.78496e-19,26.1666
,8.98574,4.28953e-17,26.2283
,9.06012,-6.99106e-17,26.4849
,8.83183,6.10216e-17,26.6728
,8.94048,-2.62368e-16,26.6855
,8.75587,1.32858e-16,26.9811
,8.8674,-7.56038e-18,27.0171
,8.6785,6.45218e-15,27.3619
,8.82235,-6.68553e-17,27.3771
,8.5833,-1.62464e-16,27.7788
,8.64645,-4.5065e-18,27.9423
,8.66783,-9.88942e-17,27.8901
,8.44502,2.45026e-16,28.3831
,8.50814,-4.23996e-17,28.5097
,8.41755,-2.37101e-17,28.659
,8.45191,-5.17686e-17,28.57
,8.14201,-3.04027e-17,29.1445
,8.26757,4.34727e-17,29.2989
,8.15056,-3.90604e-17,29.4286
,8.05656,-3.03071e-17,29.6084
,7.96542,-1.25546e-17,29.7878
,7.99911,7.1683e-17,29.5969
,7.66497,-2.37564e-16,30.3009
,7.74486,-3.71383e-17,30.3999
,7.61105,3.75227e-17,30.5493
,7.49502,2.95481e-17,30.7342
,7.38063,-2.97853e-17,30.9075
,7.30263,-4.87084e-17,31.0712
,7.17746,-8.44704e-18,31.2181
,7.04967,-1.84044e-17,31.3785
,6.91819,-3.52248e-17,31.5491
,6.78295,-2.31988e-17,31.7267
,6.82676,9.8443e-18,31.3542
,6.38682,-1.26455e-16,32.363
,6.43772,-3.04498e-17,32.3689
,6.26008,-5.25388e-17,32.4865
,6.1015,-3.59502e-17,32.6355
,5.9846,4.2751e-18,32.7623
,5.8234,6.08442e-17,32.8664
,5.65795,-5.08667e-17,32.977
,8.17851,-7.77971e-17,40.8663
,3.04259,-3.07575e-17,27.0338
,4.85386,-6.04872e-17,32.0923
,4.93771,-6.98592e-18,33.274
,4.8074,-8.02967e-18,33.6267
,4.63264,-1.03395e-17,33.8001
,6.73291,-1.70133e-17,41.3824
,2.33276,1.25543e-17,28.0791
,3.85874,-1.5928e-17,32.8903
,3.8604,-2.52419e-17,33.9841
,3.69955,-1.12531e-18,34.2862
,5.15625,-2.75979e-19,41.8144
,1.94202,3.91357e-18,28.6089
,2.95219,-2.4682e-17,33.3976
,2.89414,1.79413e-17,34.4554
,2.71228,2.75459e-18,34.73
,3.4899,1.27921e-17,42.1882
,1.53056,1.34215e-17,29.0105
,1.98958,-3.44286e-17,33.7666
,1.87723,2.96129e-17,34.782
,1.68989,8.69136e-19,42.4834
,1.57919,1.85442e-17,29.0924
,1.19758,-2.63815e-17,33.952
,1.04714,-6.93453e-18,34.9484
,-0.158083,-2.57956e-17,42.6933
,1.68845,-5.76146e-17,29.1523
,0.348735,-2.99207e-17,34.03
,0.203779,1.24013e-17,35.0297
,-1.11811,7.79781e-17,42.8092
,0.895339,8.52286e-17,29.1428
,-0.461611,-2.24716e-17,34.0184
,-0.684573,7.15755e-18,34.9961
,-1.50483,-2.47504e-17,42.8293
,-0.47651,-5.36016e-17,29.0432
,-1.26954,-1.77824e-17,33.9177
,-1.52655,2.06457e-18,34.8818
,-1.11787,5.04351e-17,42.8096
,-2.65471,-8.92438e-17,28.7966
,-2.0665,-2.6573e-17,33.7394
,-2.35381,-3.05298e-17,34.6839
,-2.58644,-3.22284e-17,34.8229
,-2.78429,-3.38282e-17,42.7309
,-3.1465,-2.72882e-17,28.3472
,-3.03909,-4.22597e-17,33.3754
,-3.36421,-2.15456e-17,34.3104
,-3.59655,-3.12495e-17,34.4257
,-4.43089,-1.96466e-17,42.557
,-3.56827,-1.8766e-17,27.6972
,-3.95521,-2.11211e-17,32.8618
,-4.31886,-3.52938e-17,33.8047
,-4.54863,-2.84903e-17,33.9024
,-4.74712,-2.22018e-17,33.8253
,-7.85473,-6.15663e-17,41.9512
,-2.4459,-1.64277e-17,27.022
,-4.96575,-2.81733e-17,32.074
,-5.37931,-2.99814e-17,33.0412
,-5.60383,-3.79588e-17,33.1228
,-5.74887,-3.43517e-17,33.0444
,-5.91628,-3.62803e-17,32.899
,-9.27398,-8.30551e-17,41.5142
,-3.49515,-2.71523e-17,25.5747
,-5.99142,-4.16858e-17,30.9601
,-6.43144,-6.26713e-17,31.9898
,-6.64544,-4.6281e-17,32.0548
,-6.8046,-3.50816e-17,31.9328
,-6.94886,-4.46863e-17,31.7715
,-7.08683,-5.53487e-17,31.6002
,-7.1878,-3.57684e-17,31.4474
,-7.31448,-3.51798e-17,31.263
,-7.43963,-2.59595e-17,31.0796
,-7.56096,-3.50681e-17,30.8943
,-7.67821,-1.41148e-17,30.7072
,-7.76059,-3.01157e-17,30.5417
,-12.7556,-8.12262e-17,39.821
,-3.80976,-1.97326e-17,22.6098
,-7.42674,-2.1516e-17,28.3442
,-8.03675,-3.05659e-17,29.4387
,-8.20651,-2.2456e-17,29.5288
,-8.31478,-1.12251e-17,29.3832
,-8.40798,-2.40891e-17,29.1791
,-8.48613,-2.46891e-17,29.0127
,-8.56239,-2.09771e-17,28.843
,-8.60822,-3.15075e-17,28.681
,-8.67473,-1.94004e-17,28.4757
,-8.73968,-2.66972e-17,28.2607
,-8.80079,-2.10019e-17,28.0413
,-8.85786,-2.39581e-17,27.8247
,-8.88572,-3.7779e-18,27.6383
,-8.9327,-3.12105e-17,27.4363
,-8.9787,-3.13767e-17,27.2453
,-9.02176,-5.23264e-18,27.0599
,-9.06168,-1.98862e-17,26.8755
,-9.0749,-3.55433e-17,26.7105
,-9.10599,-1.86664e-17,26.5176
,-9.13617,-3.22866e-17,26.3236
,-9.16341,-1.87004e-17,26.1284
,-9.18752,-1.64512e-17,25.9336
,-9.08644,-3.25099e-17,25.592
,-9.18211,-1.96808e-17,25.5385
,-9.21367,-8.39751e-18,25.3817
,-9.22974,-5.72718e-18,25.2067
,-9.24058,-1.83368e-17,25.0301
,-9.0408,-4.09621e-17,24.5747
,-9.19387,-6.84901e-18,24.6393
,-9.2274,1.47384e-17,24.5142
,-9.23431,1.24063e-16,24.3515
,-9.24281,-2.79012e-17,24.2108
,-9.0483,2.31521e-18,23.817
,-9.17321,2.29165e-17,23.8651
,-9.18742,-1.71208e-17,23.7488
,-9.17798,3.91656e-18,23.6021
,-9.16257,-1.94505e-17,23.4515
,-8.96625,-3.9659e-18,23.0874
,-9.07572,-1.61843e-17,23.1269
,-9.08121,-2.89494e-17,23.0193
,-9.06481,-2.55951e-17,22.8848
,-9.04318,-1.42693e-17,22.7472
,-9.0755,9.12452e-16,21.7357
,-9.07569,-1.58243e-16,21.8512
,-9.03258,2.14514e-19,21.8965
,-8.98669,3.88403e-18,21.9078
,-8.94345,1.59559e-18,21.896
,-9.02881,-7.95932e-18,20.7738
,-8.99796,-6.2826e-18,20.9177
,-8.94791,3.64943e-18,21.0046
,-8.89916,-2.82896e-17,21.057
,-8.83078,-1.35062e-16,21.1239
,-8.7768,-1.40977e-16,20.37
,-8.7408,-5.73281e-17,20.6512
,-8.70207,-1.43507e-16,20.8149
,-8.6664,-2.26563e-16,20.9025
,-8.63355,-1.71845e-16,20.9393
,-8.60024,-1.4163e-16,20.2249
,-8.57588,-2.21015e-16,20.4167
,-8.54416,-1.63439e-16,20.5279
,-8.51377,-9.90062e-17,20.587
,-8.48534,-2.22807e-16,20.611
,-11.4501,-6.82921e-17,23.3551
,-10.3121,-2.35605e-16,23.3666
,-4.04164,7.43838e-18,16.9882
,-11.6127,-2.76508e-17,23.3883
,-4.90336,-2.53919e-16,17.427
,-11.576,-1.08245e-16,22.7913
,-4.97194,-1.55995e-16,17.1424
,-11.4384,4.50007e-17,22.8092
,-10.1754,-1.11388e-16,22.8188
,-3.27889,-2.86625e-17,16.0617
,-7.53322,-1.84209e-16,18.2362
,-11.407,-1.13007e-16,22.409
,-10.0536,-1.02875e-16,22.4196
,-3.59473,-1.9507e-16,16.2571
,-7.52239,2.18493e-17,18.5598
,-11.1787,-1.5851e-16,22.1861
,-9.88445,-1.40325e-16,22.1969
,-3.79542,-2.68153e-16,16.4487
,-10.976,-3.24861e-17,22.2189
,-9.79569,-8.74789e-18,22.2299
,-3.445,-1.00464e-16,16.1001
,-7.4317,-1.62032e-16,18.4417
,-11.007,2.72643e-17,22.1804
,-9.7709,7.70027e-17,22.1907
,-9.23859,-1.79853e-16,22.2012
,-2.81335,-1.42703e-16,15.8221
,-7.32886,1.53908e-17,18.4277
,-7.96774,-8.54067e-17,19.0921
,-10.8661,-3.31548e-17,22.3476
,-9.70452,-3.71418e-18,22.3577
,-9.31247,-1.62574e-16,22.641
,-3.00063,-1.62291e-16,16.2553
,-7.37302,6.14322e-17,18.7672
,-7.99567,-2.64182e-16,19.4001
,-10.8836,-1.29936e-16,22.6789
,-10.2559,-1.87013e-15,23.1578
,-3.7523,-4.95435e-16,17.3123
,-7.51517,4.91011e-17,19.4299
,-11.3834,-1.36821e-15,23.182
,-5.22357,-2.57532e-16,18.3361
,-11.7328,-3.94452e-15,23.836
,-4.65386,-5.92608e-16,18.3907
,-7.69514,-1.81068e-16,20.0833
,-12.2427,-7.46709e-15,23.8551
,-4.77824,-1.23702e-15,18.2699
,-7.76678,4.1919e-17,20.6075
,-12.7743,-9.63221e-16,24.6707
,-4.45083,-2.51405e-16,18.3197
,-7.79433,2.50405e-20,20.274
,-13.0372,-5.03311e-17,24.6744
,-4.38633,6.89789e-18,18.7528
,-7.82348,1.25994e-18,20.7544
,-13.5031,-1.29566e-16,25.6031
,-4.1153,3.90673e-17,18.1937
,-7.90181,2.17108e-17,20.5324
,-8.46134,7.41424e-17,21.7721
,-13.9181,-2.01015e-17,26.6782
,-3.97547,-1.21213e-16,18.5626
,-7.95456,-3.29619e-17,21.0622
,-14.0715,1.02634e-16,26.6691
,-3.8921,-2.96066e-17,19.2287
,-7.9578,-2.70843e-17,21.7572
,-14.5015,1.16028e-17,27.8786
,-3.64632,-2.50723e-17,18.5437
,-8.05888,4.54379e-17,21.4891
,-14.7596,1.20716e-16,29.2626
,-3.39078,-2.7762e-18,19.0822
,-7.99626,1.36004e-17,22.2104
,-8.79866,7.53277e-17,22.6934
,-14.9974,8.10512e-17,29.2475
,-3.44312,-9.2076e-17,19.9615
,-7.93834,3.78531e-17,23.2202
,-8.74766,-9.74415e-17,23.7025
,-15.4878,8.68232e-17,30.7967
,-3.21047,-6.91577e-17,19.0506
,-7.77744,2.05047e-16,24.3377
,-8.60826,-5.23983e-17,24.8466
,-8.8085,6.91891e-17,24.8501
,-16.1136,1.27689e-16,32.5613
,-2.58589,-4.04142e-17,19.3651
,-7.53022,1.23325e-16,25.3954
,-8.43567,-1.45117e-16,25.9833
,-8.64583,9.61012e-18,25.9831
,-8.74345,-1.68484e-18,25.8871
,-8.67623,-4.73847e-15,26.0785
,-8.40237,-5.64731e-16,27.4609
,-8.38871,3.90362e-16,27.2185
,-8.49023,-4.51172e-15,26.9532
,-8.63422,-1.02725e-17,26.7373
,-8.61218,4.06672e-17,26.7187
,-8.44758,2.22462e-17,27.0138
,-8.56861,2.48196e-17,27.0498
,-8.37197,-4.69226e-17,27.4383
,-8.41723,6.66187e-17,27.593
,-8.52337,-2.16043e-16,27.3882
,-8.14895,-3.55362e-17,28.1951
,-8.29962,-1.04571e-17,28.1613
,-8.2101,2.7726e-17,28.2901
,-8.13828,2.95763e-17,28.4577
,-8.28133,1.90081e-16,28.1656
,-7.78793,4.35436e-17,29.084
,-7.98981,9.42522e-17,29.0574
,-7.88163,1.01648e-16,29.1974
,-7.79197,8.55884e-17,29.3755
,-7.70418,9.87528e-17,29.5484
,-7.65422,3.51431e-17,29.7252
,-7.55321,9.16735e-17,29.8712
,-7.57373,5.12928e-17,29.6302
,-7.21836,-4.02982e-16,30.4175
,-7.28195,5.82185e-17,30.487
,-7.18253,5.16866e-17,30.6301
,-7.06345,6.42986e-17,30.7993
,-6.9461,8.9378e-17,30.954
,-6.82564,1.03298e-16,31.0934
,-6.70079,8.02428e-17,31.2307
,-6.60906,8.72291e-17,31.3755
,-6.47534,1.63733e-16,31.5295
,-6.33835,7.72687e-17,31.6969
,-6.19831,1.33357e-16,31.8671
,-6.05507,1.71917e-16,32.0323
,-5.9473,1.61418e-16,32.1887
,-5.7969,1.18631e-16,32.3298
,-5.64313,1.69364e-16,32.468
,-5.48606,1.57625e-16,32.6028
,-5.32555,1.75509e-16,32.7361
,-5.20155,1.44658e-16,32.8713
,-5.16806,1.65393e-16,32.264
,-4.72923,4.18644e-17,33.5404
,-8.11411,1.11726e-15,41.4176
,-1.50451,-6.81475e-16,27.1022
,-4.11307,2.01636e-16,32.2228
,-4.15355,2.04143e-16,33.3846
,-4.01235,1.00584e-16,33.6617
,-3.83325,1.86925e-16,33.7648
,-3.6444,2.07484e-16,33.8499
,-4.48441,5.52761e-17,42.1319
,-2.55676,-2.07134e-16,27.4652
,-2.91442,1.6911e-16,32.8242
,-2.86675,2.00974e-16,33.9852
,-2.69503,2.68979e-16,34.2819
,-2.62646,2.12883e-15,42.4104
,-2.42201,3.90365e-16,27.9508
,-2.00497,4.19314e-16,33.1987
,-1.89934,5.01636e-16,34.2966
,-1.70861,1.96837e-16,34.5588
,-1.02455,-8.1603e-15,34.3516
,-0.582122,-5.36842e-16,42.5714
,-2.47959,3.14382e-16,28.631
,-0.851729,2.06972e-16,33.5428
,-0.681867,2.1228e-16,34.5449
,0.955673,1.17007e-16,42.6588
,-1.79025,-3.68573e-15,28.4233
,-0.112047,-2.347e-16,33.5478
,0.126859,1.12501e-16,34.5666
,0.34174,6.94881e-17,34.7698
,2.11827,1.51657e-16,42.6512
,-0.852251,1.83689e-15,28.4798
,0.900277,2.03845e-16,33.482
,1.14912,1.9162e-16,34.4889
,1.37191,1.86969e-16,34.6659
,3.40765,2.30376e-16,42.5526
,-0.014648,7.11125e-16,28.3236
,1.86658,2.00868e-16,33.288
,2.15605,1.70315e-16,34.2772
,2.38248,2.0438e-16,34.4301
,2.55325,1.88926e-16,34.4267
,4.95617,1.84456e-16,42.3619
,0.936649,4.07764e-16,27.8702
,2.98867,1.7758e-16,32.8682
,3.32531,1.80648e-16,33.8502
,3.51337,1.92988e-16,33.9958
,3.71293,1.78838e-16,33.9398
,6.50098,2.16486e-16,42.0818
,1.76903,3.19273e-16,27.1578
,4.03322,1.54956e-16,32.257
,4.37977,1.82766e-16,33.2678
,4.60225,1.76419e-16,33.3691
,4.79062,1.71196e-16,33.293
,4.96907,1.63373e-16,33.1783
,5.14296,1.75489e-16,33.0525
,8.63894,2.1032e-16,41.2839
,2.46689,1.41264e-16,26.1433
,5.24897,1.64846e-16,31.2368
,5.69272,1.72058e-16,32.2243
,5.90941,1.88849e-16,32.3064
,6.04071,1.85702e-16,32.225
,6.19097,1.64024e-16,32.0775
,6.338,1.58599e-16,31.9241
,6.48124,1.49144e-16,31.7666
,6.62075,1.33524e-16,31.6051
,6.72416,1.28463e-16,31.462
,6.85357,1.80228e-16,31.2892
,6.98167,1.69805e-16,31.118
,11.5981,3.02145e-16,40.205
,3.3776,1.54265e-16,23.3958
,6.73772,1.13676e-16,29.0354
,7.30455,1.07986e-16,30.1137
,7.50865,1.21692e-16,30.1898
,7.63401,1.19313e-16,30.0623
,7.73994,1.25e-16,29.8929
,7.80985,8.91722e-17,29.736
,7.90163,9.94476e-17,29.5491
,7.992,9.34023e-17,29.3632
,8.07886,8.94359e-17,29.1762
,8.16197,1.11461e-16,28.9882
,8.2141,1.10932e-16,28.8216
,8.28712,1.00447e-16,28.6295
,8.35895,1.0324e-16,28.4404
,8.42747,9.41406e-17,28.2521
,8.49247,8.99897e-17,28.0638
,8.52846,8.60011e-17,27.8969
,8.5839,8.00291e-17,27.7053
,8.64356,9.02015e-17,27.489
,8.6897,1.09827e-16,27.33
,8.73636,8.22153e-17,27.1725
,8.75711,4.75944e-17,27.0231
,8.79614,6.54741e-17,26.8338
,8.83406,8.10837e-17,26.6337
,8.86874,4.80073e-17,26.4285
,8.9,6.07719e-17,26.2258
,8.77247,8.60344e-17,25.8196
,8.90153,5.96225e-17,25.8212
,8.94559,7.10436e-17,25.6855
,8.97004,7.75934e-17,25.5266
,8.98859,9.58529e-17,25.3642
,8.80092,7.04384e-17,24.9193
,8.95802,1.72484e-16,24.9911
,8.99836,4.04028e-16,24.8693
,9.01254,1.58969e-15,24.7075
,9.02807,1.77093e-17,24.5668
,8.84513,2.12493e-17,24.1731
,8.97328,3.09111e-17,24.2221
,8.99379,4.7034e-17,24.1091
,8.99119,2.16588e-17,23.9672
,8.9827,2.25502e-17,23.8218
,8.92602,-1.07881e-15,23.0525
,8.98123,1.15909e-15,23.1559
,8.95833,-1.86202e-16,23.1697
,8.9264,1.98225e-16,23.1491
,8.8952,6.47354e-17,23.1076
,9.01358,2.09051e-16,21.819
,8.98577,1.01756e-16,21.9648
,8.94107,1.57556e-17,22.05
,8.8981,-9.70728e-18,22.0975
,8.85872,4.40595e-18,22.1172
,8.92992,-3.29854e-16,21.0002
,8.89216,-6.33054e-17,21.1855
,8.7775,8.08622e-17,21.433
,8.733,1.45032e-16,21.5917
,8.70082,5.6635e-17,21.6741
,8.67131,1.70056e-17,20.8554
,8.6485,-5.79124e-17,21.0989
,8.61853,-7.85206e-17,21.2398
,8.58992,4.61594e-17,21.3142
,8.5631,8.79412e-17,21.3437
,11.274,-1.14184e-16,23.7733
,10.1839,-1.3725e-16,23.7851
,9.75574,-1.8827e-17,23.7966
,3.30564,-3.56911e-16,16.7318
,7.73844,-1.83264e-16,19.4077
,11.5287,-1.17001e-16,23.019
,10.1299,9.60581e-19,23.0276
,3.93396,2.19394e-17,16.8697
,11.2736,-9.4763e-17,23.0464
,5.12318,1.82198e-16,17.7285
,11.0594,6.35735e-17,22.4083
,9.80309,-4.56469e-16,22.4201
,9.28241,1.00326e-16,22.4321
,2.98116,2.17469e-16,15.9917
,7.48724,-1.59582e-17,18.6601
,10.9622,4.17322e-18,22.0188
,9.66367,1.15637e-16,22.0293
,9.11661,2.04289e-16,22.0404
,3.36479,2.49002e-16,16.3078
,10.7041,1.99188e-16,22.0636
,9.49004,5.13322e-17,21.7781
,3.9171,6.31358e-17,16.5801
,10.4929,1.70381e-17,21.8016
,9.39141,1.51848e-17,21.8134
,8.91955,2.08914e-16,21.8252
,3.37979,1.75947e-16,16.2619
,10.4479,6.77814e-17,21.7453
,9.33264,-6.91574e-17,21.7565
,4.10248,1.69416e-16,16.8991
,10.3027,-1.31747e-17,21.7788
,9.31265,7.42947e-17,21.8556
,8.84064,9.65371e-17,21.8672
,3.55911,1.04623e-16,16.662
,10.3202,6.89965e-17,21.8899
,9.26435,6.59536e-17,21.9008
,4.27096,1.75701e-16,17.3627
,10.3273,1.23743e-16,22.1719
,9.30058,7.13533e-17,22.1822
,4.32285,6.96035e-18,17.4708
,10.253,9.05825e-17,22.2025
,9.40757,2.90503e-16,22.6242
,4.355,1.00024e-16,17.7754
,10.4003,-3.59777e-15,22.644
,9.75631,-9.12423e-15,22.6531
,3.97169,-1.09225e-15,17.5815
,7.53396,-1.09412e-16,20.0328
,11.0204,-2.0038e-15,23.2817
,5.44703,-3.13597e-16,19.071
,11.1699,-8.1309e-15,23.2953
,10.5339,-1.08572e-15,23.3003
,3.10722,4.54969e-17,18.0429
,7.42207,2.22119e-16,20.4646
,8.12823,7.6107e-17,20.827
,12.0182,3.78248e-16,24.0418
,5.08339,7.97385e-17,18.8661
,12.2143,-6.7371e-17,24.9289
,4.44866,-1.1152e-16,18.9544
,7.75898,1.24638e-17,20.8775
,12.58,-7.34174e-17,24.9271
,4.72095,3.0719e-17,18.8687
,12.7416,-2.41253e-16,25.9395
,4.0919,-5.17162e-17,19.0419
,7.7994,-7.29988e-17,21.2681
,13.1156,-2.01523e-16,25.9286
,4.43686,-6.46775e-17,18.9845
,13.2254,-2.36895e-16,27.0727
,3.76084,-3.51391e-17,19.2019
,7.83761,-1.5419e-16,21.7389
,13.6205,-2.73316e-16,27.0595
,4.15364,-1.38228e-16,19.1416
,7.89599,-7.38706e-17,22.6946
,13.9403,-1.97555e-16,28.3722
,3.84375,-1.16072e-16,19.5915
,7.95938,-2.46305e-16,22.3056
,14.0707,-2.97729e-16,28.3593
,3.79111,-1.07949e-16,20.495
,7.91894,-1.60349e-16,23.1726
,8.58518,-2.78404e-16,23.5757
,14.4546,-2.25106e-16,29.8214
,3.66305,-8.31888e-17,19.7699
,7.85481,-1.90154e-16,24.1666
,14.7765,-2.79609e-16,31.4856
,3.09766,-8.17638e-17,20.0491
,7.9132,-2.46272e-16,23.521
,8.66222,-1.16187e-16,24.1445
,8.55328,-1.33948e-16,25.6928
,15.0553,-3.60311e-16,33.2992
,2.79744,-1.20972e-16,20.4459
,7.7851,-2.48629e-16,24.3527
,8.6379,-1.77819e-16,24.9363
,8.38831,-1.73359e-16,26.701
,15.3717,-3.97502e-16,35.3103
,1.92817,8.55921e-16,21.1398
,7.54893,-2.65284e-16,25.3688
,8.44224,-3.09759e-16,25.9268
,7.89875,-5.61718e-17,27.7987
,8.26261,-2.1315e-16,27.368
,8.09456,-3.78544e-16,27.5577
,8.403,-4.36462e-16,27.0692
,8.18704,-1.36469e-15,27.3629
,7.75756,-4.18026e-16,28.4841
,8.0399,-4.91991e-16,28.0679
,7.76745,8.72143e-15,28.5001
,8.04327,9.20988e-16,28.1817
,8.07103,-7.20423e-16,28.0242
,7.59781,-6.62713e-16,28.8255
,7.32598,-2.7066e-16,29.5098
,7.66521,-2.92851e-16,29.151
,7.68006,-3.6264e-16,28.9893
,7.73,-2.52102e-16,28.857
,6.96181,-1.76462e-16,30.1508
,7.38423,-5.41352e-16,29.5068
,6.96846,-2.83258e-16,30.2206
,7.29934,-1.44668e-16,29.8618
,7.31053,-3.03922e-16,29.7016
,6.57785,-2.78297e-16,30.8232
,6.88788,-2.66446e-16,30.5051
,6.75669,-2.22689e-16,30.5949
,6.67735,-3.94032e-16,30.6663
,6.74556,-2.92279e-16,30.5309
,6.14458,-2.51986e-16,31.3665
,6.31753,-2.89991e-16,31.219
,12.0707,-5.43455e-16,39.8946
,0.78558,-3.47808e-17,24.6507
,5.44258,-2.20672e-16,30.1273
,5.71833,-2.74847e-16,31.5294
,5.65114,-2.51343e-16,31.9225
,5.52105,-2.76376e-16,32.0892
,5.37539,-2.9602e-16,32.2
,5.3101,-3.91843e-16,32.199
,5.01554,-2.76758e-16,32.5118
,4.9495,-2.70735e-16,32.5566
,4.78475,-2.73595e-16,32.682
,4.61961,-1.22246e-16,32.8152
,4.45236,-3.45471e-16,32.9417
,4.3218,-2.20153e-16,33.0605
,4.14937,-2.36404e-16,33.1593
,6.78131,-4.07096e-16,41.457
,1.32231,-8.41327e-17,26.7992
,3.36541,-2.06942e-16,32.0512
,3.42523,-2.86877e-16,33.2496
,3.28015,-2.52231e-16,33.5579
,3.10082,-2.52813e-16,33.6902
,2.9135,-2.78524e-16,33.7829
,4.13682,-4.39766e-16,41.8281
,1.38051,-3.95344e-16,27.5376
,2.21723,-2.38532e-16,32.6797
,2.15005,-2.70493e-16,33.7628
,1.97692,-2.45017e-16,34.018
,1.78563,-3.08391e-16,34.1382
,1.62666,-2.86211e-16,34.2111
,0.929898,-4.07967e-16,42.3984
,1.84538,-1.26356e-16,27.7042
,0.93708,-2.43947e-16,32.9944
,0.800857,-2.71503e-16,34.0728
,0.649273,-3.09708e-16,34.3167
,0.44707,-2.06602e-16,34.3683
,-1.10493,-2.49074e-16,42.5531
,1.43053,6.66241e-16,27.7974
,-0.184817,-2.6621e-16,33.0586
,-0.403224,-1.38737e-16,34.1298
,-0.538217,-1.76664e-16,34.3286
,-0.743413,-1.42374e-16,34.3556
,-1.16284,-3.51769e-16,42.6267
,-0.969209,-2.94955e-16,27.6416
,-1.26562,-2.25527e-16,32.9392
,-1.50725,-2.30998e-16,33.9785
,-1.71975,-2.32391e-16,34.1557
,-1.92366,-2.26691e-16,34.1543
,-2.03282,-2.81797e-16,42.6122
,-2.49157,-2.07472e-16,27.2292
,-2.35735,-1.79843e-16,32.6268
,-2.64878,-1.89859e-16,33.6599
,-2.86455,-2.08999e-16,33.812
,-3.06179,-2.01652e-16,33.7822
,-3.21652,-2.09091e-16,33.7296
,-3.4035,-1.69789e-16,33.6427
,-5.3101,-2.65078e-16,42.3338
,-2.29045,-1.7682e-16,26.4036
,-3.72917,-1.57583e-16,31.9133
,-4.05059,-1.83611e-16,32.9819
,-4.26389,-1.78764e-16,33.1037
,-4.44641,-1.65308e-16,33.0407
,-4.61993,-1.57937e-16,32.938
,-4.78931,-1.8869e-16,32.8241
,-4.92057,-1.70594e-16,32.7237
,-5.0817,-1.75943e-16,32.5938
,-8.23631,-4.30185e-17,41.7289
,-2.81103,-1.96499e-16,24.9054
,-5.18124,-1.36749e-16,30.6444
,-5.59229,-1.53269e-16,31.7578
,-5.79962,-1.39543e-16,31.8615
,-5.95691,-1.58247e-16,31.7682
,-6.10079,-1.22324e-16,31.6335
,-6.23917,-1.11215e-16,31.4879
,-6.34165,-1.22371e-16,31.3575
,-6.47028,-1.01031e-16,31.198
,-6.59765,-1.41647e-16,31.0389
,-6.7217,-1.0018e-16,30.8779
,-6.84221,-1.10873e-16,30.715
,-6.92868,-9.93582e-17,30.5714
,-7.03964,-1.1111e-16,30.4017
,-7.14933,-7.53696e-17,30.2342
,-7.25568,-6.96581e-17,30.0658
,-7.35848,-8.96259e-17,29.8958
,-7.42888,-7.23731e-17,29.7451
,-7.52211,-7.64033e-17,29.5683
,-7.61408,-5.86696e-17,29.3935
,-7.70274,-7.88816e-17,29.2184
,-7.78789,-5.11629e-17,29.0426
,-7.84238,-7.98302e-17,28.8869
,-7.91814,-7.4368e-17,28.7066
,-7.99272,-4.76371e-17,28.5288
,-8.06413,-1.03717e-16,28.3512
,-8.13219,-4.28409e-18,28.1733
,-8.17143,-4.88244e-17,28.0156
,-8.23049,-4.82709e-17,27.8345
,-8.28848,-6.34016e-18,27.6561
,-8.34351,-5.9915e-17,27.4784
,-8.39539,-1.73056e-17,27.3012
,-8.42038,-2.95311e-17,27.1442
,-8.46385,-3.32954e-17,26.9654
,-8.50641,-2.37079e-17,26.7895
,-8.54626,-8.02534e-18,26.6149
,-8.58781,-3.10018e-17,26.4171
,-8.59552,-7.44117e-17,26.2883
,-8.62364,4.45548e-17,26.1409
,-8.65203,2.58076e-16,25.9847
,-8.67821,1.06891e-16,25.815
,-8.70164,6.52404e-17,25.6344
,-8.70177,7.29106e-17,25.4675
,-8.71754,6.5844e-17,25.2835
,-8.73253,8.96927e-17,25.1091
,-8.7454,7.02988e-17,24.9452
,-8.75623,1.69939e-16,24.7908
,-8.58629,1.48057e-16,24.3948
,-8.71942,2.10812e-16,24.4621
,-8.75091,3.01635e-16,24.3599
,-8.75989,4.57087e-16,24.2215
,-8.76877,4.31206e-17,24.0943
,-8.61029,3.2937e-17,23.7525
,-8.71639,3.59277e-17,23.7883
,-8.73092,3.01124e-17,23.6824
,-8.72587,4.20832e-17,23.5519
,-8.71588,2.7989e-17,23.42
,-8.54594,1.32274e-17,23.0924
,-8.6459,1.73059e-17,23.1389
,-8.65463,2.59346e-17,23.0499
,-8.64424,4.42376e-17,22.9355
,-8.62935,3.97298e-17,22.8174
,-8.53487,-9.54841e-15,22.3563
,-8.5913,-1.5995e-16,22.4137
,-8.57229,9.89676e-17,22.3961
,-8.54389,2.39935e-17,22.3547
-8.51583,6.7e-17,22.3007
,-8.63018,2.41447e-17,21.284
,-8.60028,1.63108e-17,21.3986
,-8.55845,7.53537e-17,21.4631
,-8.51915,4.33958e-17,21.4966
,-8.48372,7.21789e-17,21.5072
,-8.56076,3.41018e-17,20.6727
,-8.46414,8.48319e-17,20.9158
,-8.39721,2.42415e-16,21.1076
,-8.36179,-3.82811e-16,21.2175
,-8.33411,-6.66881e-17,21.2682
,-8.32605,1.7501e-16,20.6865
,-8.29917,-5.11138e-17,20.8703
,-8.27211,-2.12846e-16,20.9724
,-8.24794,1.44087e-16,21.0225
,-8.22626,-3.96166e-17,21.039
,-8.21422,-9.43352e-17,20.55
,-8.19236,9.62872e-17,20.6874
,-8.17053,1.06747e-16,20.7662
,-8.15096,3.28686e-16,20.8071
,-8.13342,4.61322e-18,20.8234
,-8.11962,-8.65563e-17,20.4517
,-8.10192,1.10932e-16,20.5597
,-8.08516,2.62025e-16,20.6255
,-8.07036,-2.21693e-17,20.6634
,-8.05729,-1.59847e-17,20.6829
,-8.04469,4.98563e-16,20.4346
,-8.0302,5.72775e-16,20.515
,-8.01853,-1.5798e-16,20.5678
,-8.00873,1.54828e-16,20.6018
,-8.00044,-1.59909e-17,20.6235
,-7.99089,2.01554e-16,20.4985
,-7.97924,5.37693e-17,20.5512
,-7.97263,5.34192e-16,20.5902
,-7.96788,-9.22257e-17,20.6192
,-7.96441,6.53584e-16,20.6419
,-7.95906,1.89568e-16,20.6404
,-11.6838,3.83895e-16,25.0756
,-4.63326,-2.2333e-16,18.2494
,-7.49963,9.94583e-20,19.9491
,-11.9276,2.94434e-16,25.1019
,-4.37391,-1.41014e-16,17.9484
,-7.46448,-6.63169e-17,19.8332
,-7.89461,1.67319e-16,20.2757
,-7.95429,1.49177e-16,20.4742
,-11.9613,8.94016e-16,25.3375
,-4.41659,-1.02861e-16,18.2993
,-7.48217,-1.10758e-16,20.1327
,-7.91164,5.09046e-16,20.5463
,-7.97461,1.80176e-16,20.7291
,-7.98777,5.70421e-17,20.8575
,-12.8676,-1.2275e-16,26.3149
,-3.69807,-6.36236e-17,18.2573
,-7.42477,-2.02157e-16,20.4255
,-7.94282,8.92331e-17,20.881
,-8.0204,4.31966e-17,21.0705
,-8.03175,2.06453e-16,21.6559
,-8.04161,2.86437e-16,21.5943
,-8.10021,1.92022e-16,21.5052
,-8.14368,1.98259e-16,21.4327
,-8.18267,2.33468e-16,21.384
,-8.15232,2.95144e-16,22.0018
,-8.16804,3.72797e-16,21.8643
,-14.5491,5.04562e-16,28.0036
,-2.68071,2.55626e-16,17.7081
,-7.36018,1.77644e-16,20.9569
,-8.03775,1.90799e-16,22.3371
,-8.18249,2.02224e-16,22.3402
,-8.25192,2.61018e-16,22.2912
,-8.31072,2.22732e-16,22.2371
,-8.37019,2.42452e-16,22.1847
,-8.22578,1.87269e-16,23.1362
,-8.24458,2.52628e-16,23.0454
,-8.29633,2.52548e-16,22.9749
,-8.3562,2.45426e-16,22.9067
,-8.41989,2.27533e-16,22.8387
,-8.2237,2.73478e-16,23.9371
,-8.23933,2.07191e-16,23.8254
,-8.29197,3.34077e-16,23.7415
,-8.35355,2.58354e-16,23.6638
,-8.41943,3.00125e-16,23.5888
,-8.15808,2.57916e-16,24.8234
,-8.17548,3.36373e-16,24.7011
,-8.22932,4.02993e-16,24.605
,-8.29238,8.61221e-17,24.5133
,-8.36009,8.23544e-16,24.4228
,-8.39203,2.82379e-16,25.0083
,-8.40087,2.54139e-16,24.7038
,-8.35441,1.99468e-16,24.7832
,-8.33758,2.44577e-16,24.9161
,-8.26015,2.88867e-15,25.1837
,-8.46025,2.54843e-16,25.4902
,-8.36518,2.5491e-16,25.3501
,-8.31067,2.55911e-16,25.4067
,-8.18834,3.84785e-16,25.7357
,-8.25685,3.01917e-16,25.8539
,-8.23506,2.58191e-16,25.9847
,-8.26514,2.81565e-16,25.9987
,-8.09684,3.64013e-16,26.3635
,-8.15678,2.66973e-16,26.4942
,-8.18161,2.72606e-16,26.4489
,-7.99592,3.22908e-16,26.8412
,-8.07039,3.28808e-16,26.9763
,-8.00995,3.20411e-16,27.1154
,-7.95891,3.03726e-16,27.2736
,-8.00365,2.81423e-16,27.1773
,-7.77382,3.26058e-16,27.6926
,-7.85763,3.00596e-16,27.8005
,-7.77739,4.00693e-16,27.9384
,-7.7106,3.20895e-16,28.1031
,-7.64514,3.00957e-16,28.2628
,-7.61833,2.92417e-16,28.4364
,-7.65059,3.48221e-16,28.2141
,-7.33542,2.65629e-16,28.8937
,-7.41835,3.36056e-16,28.9677
,-7.31222,3.29147e-16,29.1043
,-7.25479,3.57128e-16,29.2659
,-7.16665,3.40576e-16,29.4152
,-7.07602,3.47687e-16,29.5551
,-6.98173,2.81063e-16,29.6934
,-6.88352,3.27917e-16,29.8386
,-6.81536,3.44783e-16,29.9912
,-6.70984,3.20844e-16,30.151
,-6.60153,3.06391e-16,30.3169
,-6.49044,3.32782e-16,30.4805
,-6.37629,3.49001e-16,30.6375
,-6.29404,3.3627e-16,30.7856
,-6.30745,3.33474e-16,30.3363
,-5.90672,3.36018e-16,31.3864
,-5.96259,3.30656e-16,31.3337
,-5.80608,3.58771e-16,31.434
,-5.70395,3.19224e-16,31.5693
,-5.56687,3.23854e-16,31.6779
,-5.42709,3.39835e-16,31.773
,-5.28382,3.26758e-16,31.8687
,-5.13701,3.131e-16,31.9772
,-5.0245,3.7643e-16,32.1033
,-4.87167,3.27782e-16,32.2335
,-4.71624,3.63923e-16,32.3694
,-4.55852,3.34288e-16,32.4989
,-4.3983,3.33925e-16,32.6165
,-4.27377,2.99108e-16,32.7258
,-4.10835,2.98399e-16,32.818
,-3.9401,3.20459e-16,32.9105
,-3.76951,3.05996e-16,33.0026
,-3.59658,2.88689e-16,33.0949
,-3.46034,3.02811e-16,33.1917
,-3.28333,3.2841e-16,33.2752
,-3.10393,3.25437e-16,33.3587
,-2.92273,3.21401e-16,33.4372
,-2.7397,3.07531e-16,33.5096
,-2.59419,2.95025e-16,33.5835
,-2.40818,2.72863e-16,33.64
,-2.22003,2.72139e-16,33.6972
,-2.02868,2.81005e-16,33.7342
,-1.83762,3.00278e-16,33.7873
,-1.28196,4.26423e-16,33.6178
,-1.25739,-2.51599e-15,33.6962
,-1.34667,9.05196e-17,33.917
,-1.42383,-2.83522e-16,34.1632
,-1.16483,2.38037e-16,34.2012
,0.0530026,2.83241e-16,33.5384
,-0.514842,1.39228e-16,33.9025
,-0.607814,2.66549e-16,34.1837
,0.42291,8.45124e-17,42.6074
,-1.12849,2.47368e-16,27.5907
,0.190139,2.16974e-16,32.735
,0.395656,2.73761e-16,33.7747
,0.59787,2.6014e-16,33.9766
,0.797539,2.52573e-16,34.0034
,0.996015,2.45284e-16,33.9912
,2.97681,2.56779e-16,42.5336
,-0.392979,2.15906e-16,27.069
,1.45338,2.11619e-16,32.4862
,1.72111,2.00224e-16,33.575
,1.93176,2.11117e-16,33.7578
,2.08979,1.95051e-16,33.769
,2.28065,2.00102e-16,33.7184
,2.47104,2.01851e-16,33.6607
,4.84663,2.09549e-16,42.3663
,0.856116,4.3321e-16,26.4926
,2.80197,1.64054e-16,32.0066
,3.13541,1.79062e-16,33.0875
,3.34975,1.74558e-16,33.2402
,3.53649,1.72339e-16,33.2021
,3.71555,1.64561e-16,33.1227
,3.85553,1.56668e-16,33.0496
,4.02664,1.35334e-16,32.9473
,4.19723,1.43935e-16,32.8443
,4.36548,1.36915e-16,32.7373
,7.46574,7.42977e-17,41.801
,2.09537,2.16123e-16,25.1822
,4.47583,1.08927e-16,30.8661
,4.90379,9.40088e-17,31.9699
,5.11558,8.11051e-17,32.0949
,5.27946,9.4245e-17,32.0195
,5.39713,9.91095e-17,31.9211
,5.5413,7.72e-17,31.7871
,5.68417,6.96923e-17,31.6516
,5.82405,5.09108e-17,31.5125
,5.96075,6.03351e-17,31.3698
,6.06258,2.76548e-17,31.244
,6.19043,2.10468e-17,31.0918
,6.31724,4.74603e-17,30.9414
,6.44098,8.80897e-18,30.7901
,6.56142,8.66571e-18,30.6371
,6.64841,1.31927e-17,30.5022
,6.75976,2.59553e-17,30.3411
,6.87002,2.33183e-17,30.1814
,6.97714,2.57629e-17,30.0207
,7.0809,1.59084e-17,29.8583
,7.15274,-9.65488e-18,29.7147
,7.2473,-1.66543e-17,29.5461
,7.34077,-2.01751e-17,29.3796
,7.43112,-3.69219e-17,29.2128
,7.51816,-2.59172e-17,29.0452
,7.57495,-2.80562e-17,28.8967
,7.65294,-2.12372e-17,28.7242
,7.72988,-2.84592e-17,28.5539
,7.80382,-6.25852e-17,28.3837
,7.87455,-3.2629e-17,28.2132
,7.91679,-6.35709e-17,28.0622
,7.9788,-5.55256e-17,27.8884
,8.03987,-5.80191e-17,27.7172
,8.09809,-4.68695e-17,27.5467
,8.1533,-4.31555e-17,27.3765
,8.18189,-6.89304e-17,27.2257
,8.22888,-6.53161e-17,27.0536
,8.27506,-8.69864e-17,26.8842
,8.31863,-8.98074e-17,26.716
,8.363,-2.71668e-17,26.5323
,8.37247,-9.26036e-17,26.4036
,8.40691,-1.0641e-16,26.2625
,8.43976,-1.2724e-16,26.1084
,8.46998,-1.10267e-16,25.9411
,8.49737,-1.51001e-16,25.765
,8.37339,-1.35837e-16,25.3796
,8.49537,-1.71583e-16,25.3849
,8.53544,-2.97892e-16,25.2557
,8.55676,4.38521e-15,25.1071
,8.57263,1.39448e-15,24.9607
,8.39767,-2.11791e-17,24.553
,8.54958,-1.42957e-16,24.6606
,8.58644,-1.35486e-16,24.5774
,8.59534,-1.18064e-16,24.4481
,8.5973,-1.52445e-16,24.3083
,8.44018,-1.24567e-16,23.963
,8.54793,-1.28704e-16,23.9983
,8.56622,-1.42103e-16,23.8954
,8.56534,-1.30507e-16,23.7687
,8.5596,-1.50878e-16,23.6408
,8.58509,-1.62471e-15,22.7352
,8.60529,8.75992e-17,22.8614
,8.57849,-1.23423e-16,22.9116
,8.54829,-1.39835e-16,22.9257
,8.52033,-1.68971e-16,22.9152
,8.52033,-1.68971e-16,22.9152
,8.63201,-2.05439e-16,21.8076
,8.60434,-2.03162e-16,21.9575
,8.56558,-2.07432e-16,22.0506
,8.52949,-2.7156e-16,22.107
,8.49719,-3.77273e-16,22.1359
,8.4708,-1.63584e-16,21.3526
,8.427,-3.75257e-16,21.6478
,8.39694,1.68388e-17,21.8204
,8.37212,-1.73285e-16,21.9106
,8.35021,-1.04519e-16,21.9465
,8.33546,-2.35187e-16,21.2299
,8.31487,-2.78878e-16,21.4285
,8.29171,1.1734e-16,21.541
,8.27039,7.08971e-17,21.5976
,8.25083,-6.15378e-16,21.617
,8.22851,-3.6221e-16,21.0002
,8.21175,-5.78e-17,21.1617
,8.19196,-2.93811e-16,21.257
,8.17343,-9.23877e-18,21.3087
,8.1563,-1.36125e-16,21.3309
,11.1757,-1.49609e-16,24.44
,10.0223,-4.75169e-16,24.4512
,3.66164,2.19592e-17,17.5309
,7.49569,-3.0319e-16,19.8666
,11.5094,-3.57554e-16,24.4807
,4.94877,-2.08386e-16,18.0878
,11.2478,-3.77535e-16,24.0095
,4.77182,-2.70068e-16,18.0638
,11.2403,-3.41467e-16,24.0278
,4.71623,1.32886e-16,18.0527
,11.197,-4.21105e-17,23.7289
,4.69935,-7.6708e-17,17.877
,11.1186,-2.69551e-16,23.7491
,4.7313,4.7258e-17,17.9894
,11.0874,-3.85447e-16,23.7686
,4.73716,-1.27935e-16,17.9221
,11.0158,-3.21021e-16,23.6409
,4.76313,-3.37306e-16,18.0404
,10.965,-2.27874e-16,23.6601
,4.79804,-1.87863e-16,18.1281
,10.9652,-4.10209e-16,23.7104
,4.78354,1.13199e-16,18.1683
,10.9221,-2.4068e-16,23.7298
,4.8037,-5.06585e-16,18.2271
,10.8909,-3.80268e-16,23.7488
,4.83852,5.84672e-17,18.3972
,10.9475,-3.79237e-16,23.9602
,4.77298,3.52332e-17,18.3532
,7.4735,1.80634e-17,20.0307
,10.9101,-1.99282e-16,23.9866
,10.2852,1.58322e-15,24.3564
,3.05111,2.92453e-16,17.4965
,7.2515,-8.44653e-17,19.9548
,7.82269,-3.1486e-17,20.5385
,7.90324,3.16411e-17,20.8157
,11.6639,2.29611e-15,24.9273
,4.63821,3.34824e-16,19.2871
,11.8599,4.85421e-15,24.9415
,4.04422,5.38667e-16,18.774
,7.42431,-5.399e-17,20.7344
,7.91467,8.96741e-17,21.5799
,12.5911,3.56016e-15,25.659
,4.05622,8.44314e-16,18.8937
,7.46046,-2.33085e-16,20.9425
,8.0116,-1.73314e-16,21.2688
,13.0381,1.46618e-16,26.5079
,3.76978,1.42572e-16,18.9867
,7.46181,-6.97257e-17,21.2424
,8.05812,-2.37918e-16,21.5979
,8.17683,-2.20389e-16,21.6691
,13.4472,-1.86729e-16,27.4684
,3.52842,1.72126e-17,19.1475
,7.49065,-1.24784e-16,21.6388
,8.12778,-1.50697e-16,22.0371
,13.6859,-3.47554e-16,27.4624
,3.42879,-6.52116e-17,19.6115
,7.5003,-2.16075e-16,22.1926
,8.15408,-2.37229e-16,22.5811
,14.0733,-4.54337e-16,28.5542
,3.21418,-2.52583e-17,18.9275
,7.47375,-1.49237e-16,22.8845
,8.15238,-2.87291e-16,23.2487
,14.432,-5.48294e-16,29.8111
,2.87795,-8.93273e-17,19.128
,7.56144,-3.0522e-16,22.4122
,8.13609,-1.67379e-16,24.0647
,8.26125,-2.4933e-16,24.0264
,14.7338,-4.92602e-16,31.2131
,2.59456,-6.43731e-17,19.3618
,7.53789,-2.45915e-16,22.9724
,8.10298,-2.76017e-16,24.7962
,8.23538,-3.15106e-16,24.7396
,8.28311,-4.27722e-16,24.6859
,14.9792,-5.86416e-16,32.7805
,2.30231,-1.04153e-16,19.5111
,7.13183,-3.2056e-16,25.0643
,7.95261,-3.56558e-16,25.5938
,8.13542,-3.57614e-16,25.5851
,8.21704,-3.39298e-16,25.4911
,8.14643,-8.36826e-16,25.6724
,15.4522,-9.51363e-16,36.3568
,1.00274,2.93806e-16,20.5823
,6.64264,2.98694e-14,25.8939
,7.86019,-2.93174e-14,26.2778
,7.85562,3.08645e-15,26.5742
,7.605,-7.04167e-15,27.3398
,7.49368,4.66364e-14,27.6819
,7.83881,-2.38475e-14,27.1653
,7.59648,7.50489e-14,27.4824
,7.82678,-7.16664e-15,27.2103
,7.42895,-6.63478e-16,27.9335
,7.67019,-3.40852e-16,27.5654
,7.42282,-3.80527e-16,27.974
,7.50636,-9.41123e-16,28.0171
,7.55395,2.94797e-16,27.8954
,7.12571,-3.25782e-16,28.6842
,7.38554,-4.12563e-16,28.2689
,7.09189,2.3233e-16,28.7922
,7.19401,-3.28889e-16,28.8024
,7.23382,7.98676e-16,28.6738
,6.74105,-3.19073e-16,29.4937
,6.91866,-3.97392e-16,29.3258
,6.81522,-3.42298e-16,29.4302
,6.72243,1.38777e-15,29.5565
,6.79362,-4.04969e-16,29.4381
,6.48535,-4.06453e-16,29.6787
,6.33288,-2.33429e-16,30.2394
,6.38386,-4.22072e-16,30.2608
,6.24928,-4.04846e-16,30.3717
,6.28607,-1.01085e-15,30.2936
,5.88903,-2.38241e-16,30.8246
,5.94166,-4.70705e-16,30.7621
,5.81405,-4.3871e-16,30.8508
,5.68793,-4.20774e-16,30.9665
,5.6412,-5.80859e-16,30.9916
,5.37814,-4.43829e-16,31.3346
,5.33369,-4.82355e-16,31.3931
,5.19479,-4.54324e-16,31.5207
,5.05568,-4.17331e-16,31.6471
,4.91428,-2.84084e-16,31.7654
,4.80637,-4.95565e-16,31.8785
,4.65934,-4.3942e-16,31.9824
,4.50948,-4.48672e-16,32.0894
,4.35717,-4.70627e-16,32.1973
,4.20239,-4.68751e-16,32.3046
,4.08233,-4.2479e-16,32.4127
,3.92288,-4.68786e-16,32.5092
,3.76094,-4.54269e-16,32.605
,3.59695,-4.36909e-16,32.6963
,3.55786,-4.19236e-16,31.9824
,3.17772,-3.13064e-16,33.3227
,3.16403,-4.02318e-16,33.1018
,2.97405,-3.32925e-16,33.136
,2.797,-2.83283e-16,33.2049
,2.62137,-4.00307e-16,33.2401
,2.48288,-3.71285e-16,33.2621
,2.30372,-1.84263e-16,33.265
,2.12262,-5.20345e-16,33.2932
,1.94028,-3.55815e-16,33.3448
,1.75687,-2.89707e-16,33.411
,1.60925,-5.95214e-16,33.4676
,1.42409,-1.54589e-15,33.5131
,1.23989,-3.72553e-16,33.5799
,1.05254,-3.93475e-16,33.6112
,0.864176,-4.0605e-16,33.6273
,-0.172439,-6.17958e-16,42.597
,1.50144,-8.60804e-17,26.4215
,0.284376,-3.21285e-16,32.2005
,0.136747,-3.08024e-16,33.3713
,-0.0464722,-3.28133e-16,33.6147
,-0.19669,-2.87433e-16,33.677
,-0.385483,-3.06888e-16,33.6782
,-0.57522,-3.09902e-16,33.6693
,-0.764589,-3.00069e-16,33.6527
,-0.953462,-3.36573e-16,33.6299
,-2.14654,-1.39111e-16,42.6893
,-0.294656,-3.87296e-16,26.2719
,-1.40901,-1.09456e-16,32.0485
,-1.64579,-2.61103e-16,33.1841
,-1.84533,-2.86945e-16,33.39
,-1.99617,-2.31431e-16,33.4114
,-2.17907,-2.51482e-16,33.3671
,-2.36154,-2.59231e-16,33.3139
,-2.54252,-2.24904e-16,33.2543
,-2.72194,-1.96214e-16,33.1891
,-2.86383,-1.89076e-16,33.1343
,-3.03829,-2.21429e-16,33.0548
,-4.84656,-1.8972e-16,42.4703
,-1.97932,-2.18168e-16,25.2585
,-3.33432,-2.03483e-16,31.2446
,-3.64112,-2.03187e-16,32.4169
,-3.84292,-1.77519e-16,32.5725
,-4.01487,-1.79653e-16,32.5279
,-4.17833,-1.67882e-16,32.4403
,-4.33807,-1.36738e-16,32.3408
,-4.46133,-1.3266e-16,32.2526
,-4.61383,-1.46814e-16,32.1377
,-4.76557,-1.48645e-16,32.0226
,-4.91477,-1.10443e-16,31.9048
,-5.06125,-1.19769e-16,31.7841
,-5.17249,-9.32268e-17,31.6791
,-5.31133,-1.00188e-16,31.5492
,-5.44925,-8.9184e-17,31.4205
,-5.58443,-1.06028e-16,31.2899
,-5.71666,-1.2335e-16,31.1567
,-5.81481,-5.35489e-17,31.0393
,-5.93891,-5.00021e-17,30.8968
,-6.06196,-3.09859e-17,30.7555
,-6.18211,-7.25268e-17,30.6127
,-6.29916,-1.93422e-17,30.4681
,-6.38344,-7.12111e-18,30.3405
,-6.49205,1.84164e-17,30.1886
,-6.59957,-1.82015e-17,30.0382
,-6.70411,1.81424e-17,29.8869
,-6.80551,2.74391e-17,29.7341
,-6.8756,1.54572e-17,29.5989
,-6.96848,3.15853e-17,29.4401
,-7.06024,3.65694e-17,29.283
,-7.14906,3.5836e-17,29.1256
,-7.23474,3.98244e-17,28.9673
,-7.29072,5.45258e-17,28.8272
,-7.36801,3.73676e-17,28.6644
,-7.44423,6.63428e-17,28.5037
,-7.5176,4.86349e-17,28.3431
,-7.58794,1.01098e-16,28.1821
,-7.63027,8.15734e-17,28.0394
,-7.69251,7.62337e-17,27.8754
,-7.75378,4.95262e-17,27.7136
,-7.81234,6.62968e-17,27.5525
,-7.86805,7.36339e-17,27.3915
,-7.89754,6.1445e-17,27.2488
,-7.94562,1.14652e-16,27.0861
,-7.99284,1.01541e-16,26.9259
,-8.03758,9.79934e-17,26.7668
,-8.0797,1.14766e-16,26.6083
,-8.09744,1.05573e-16,26.468
,-8.13252,1.06423e-16,26.309
,-8.1669,1.24933e-16,26.1528
,-8.19904,1.78074e-16,25.998
,-8.22884,1.39033e-16,25.8444
,-8.23616,1.68963e-16,25.7085
,-8.25962,1.58398e-16,25.5556
,-8.28255,1.74506e-16,25.4056
,-8.30355,1.46807e-16,25.2574
,-8.32628,1.83402e-16,25.0921
,-8.32094,1.39597e-16,24.984
,-8.33343,-1.11707e-16,24.8603
,-8.3464,4.10286e-16,24.7291
,-8.35785,2.75121e-16,24.5875
,-8.36738,2.87526e-16,24.4383
,-8.31987,3.00336e-16,24.2372
,-8.35438,3.77859e-16,24.1404
,-8.36435,4.54725e-16,24.0108
,-8.36801,5.71242e-16,23.8822
,-8.37474,2.15632e-16,23.778
,-8.22092,2.13156e-16,23.4642
,-8.32585,2.02197e-16,23.5338
,-8.34189,1.91158e-16,23.4585
,-8.33924,1.98619e-16,23.3531
,-8.3321,1.82328e-16,23.2406
,-8.19928,1.54113e-16,22.9693
,-8.27686,1.45592e-16,22.9946
,-8.28398,1.54598e-16,22.9132
,-8.27633,1.37327e-16,22.8144
,-8.26525,1.43565e-16,22.7157
,-8.13127,1.40869e-16,22.4677
,-8.20577,9.6126e-17,22.5078
,-8.21023,2.35662e-17,22.4444
,-8.20032,2.32205e-16,22.362
,-8.18732,2.38418e-16,22.2772
,-8.15871,1.81992e-15,21.8317
,-8.18469,7.04962e-16,21.8816
,-8.16655,2.66609e-16,21.8794
,-8.14411,2.63486e-16,21.8582
,-8.12309,2.09225e-16,21.826
,-8.21356,2.46452e-16,21.1128
,-8.18896,2.48529e-16,21.2051
,-8.15851,3.14745e-16,21.2603
,-8.08106,2.69779e-16,21.3719
,-8.04838,-2.38545e-16,21.4414
,-8.05289,1.92731e-16,21.016
,-8.02568,2.47948e-17,21.1816
,-8.00347,-1.39986e-16,21.2709
-7.98517,2.43e-16,21.3128
,-7.9696,1.10224e-16,21.3255
,-7.97227,4.71825e-16,20.9707
,-7.95159,2.29128e-16,21.0804
,-7.93498,5.03819e-16,21.1409
,-7.92125,4.29541e-17,21.1703
,-7.90959,2.93159e-16,21.1805
,-7.90931,5.43045e-16,20.9366
,-7.89311,6.07639e-16,21.0148
,-7.88128,6.20776e-16,21.0611
,-7.8718,2.27024e-16,21.0868
,-7.86399,1.50112e-15,21.0999
,-7.8623,3.41511e-16,20.9726
,-7.84996,8.2515e-17,21.0216
,-7.84285,4.0818e-16,21.0543
,-7.83771,1.89924e-16,21.0764
,-7.83385,2.99034e-16,21.0921
,-7.83165,1.71045e-16,21.0816
,-7.82288,1.99106e-16,21.1011
,-7.82039,1.2514e-17,21.1198
,-7.81951,1.63465e-16,21.1374
,-7.8195,7.95094e-17,21.1551
,-7.81694,1.79971e-15,21.2611
,-7.81155,5.32992e-16,21.2502
,-7.81344,5.25306e-16,21.254
,-7.81653,2.77515e-16,21.2666
,-7.82004,2.23832e-16,21.2859
,-7.81654,4.38507e-16,21.5073
,-7.81444,2.9366e-16,21.4648
,-7.82036,1.03515e-16,21.4531
,-7.82694,2.8127e-16,21.4605
,-7.83341,6.8315e-15,21.4814
,-7.82765,9.95606e-16,21.8164
,-7.82889,2.6471e-16,21.7411
,-7.83835,2.26312e-16,21.7136
,-7.84777,2.08592e-16,21.7159
,-7.85641,1.64595e-16,21.7387
,-7.84641,1.0537e-16,22.1849
,-7.82388,-2.61103e-16,22.1264
,-7.83053,-6.90639e-16,22.1251
,-7.84401,5.14595e-18,22.1457
,-7.85737,6.82113e-17,22.1803
,-7.82021,2.33472e-16,22.7805
,-7.83561,3.94513e-17,22.6523
,-7.86062,3.67145e-18,22.587
,-7.88283,1.93342e-16,22.5631
,-7.90139,1.83218e-15,22.5697
,-7.92018,1.88422e-16,23.0499
,-7.99227,2.50794e-16,22.65
,-7.95863,2.90541e-16,22.6823
,-7.95691,8.50736e-16,22.7649
,-7.97442,1.38598e-15,22.8784
,-8.10817,6.03275e-15,23.1481
,-8.02466,7.2304e-15,23.1129
,-8.01173,-1.46167e-14,23.1886
,-8.01267,-3.90981e-15,23.2885
,-8.01581,-9.67443e-16,23.3948
,-8.15515,-6.06827e-15,23.6922
,-8.05783,3.39276e-16,23.6463
,-8.03858,3.47762e-16,23.7278
,-8.03442,3.41677e-16,23.8372
,-8.03241,3.29039e-16,23.954
,-8.11796,3.97247e-16,24.3842
,-8.09666,2.66314e-16,24.2441
,-7.99765,7.59125e-16,24.37
,-8.05841,3.10449e-16,24.3874
,-7.95901,5.74083e-15,24.6004
,-8.07646,3.67284e-16,24.6275
,-7.94371,3.18609e-16,24.8731
,-8.04875,8.9521e-16,24.8757
,-7.90307,8.34345e-16,25.1687
,-7.96292,7.85481e-16,25.2862
,-8.01789,6.51695e-16,25.2452
,-7.85063,5.99127e-16,25.5894
,-7.92382,7.45099e-16,25.6937
,-7.88211,4.80116e-16,25.8072
,-7.84981,4.67774e-16,25.9426
,-7.92837,6.46076e-16,25.8595
,-7.711,-4.07019e-16,26.312
,-7.80206,4.67245e-16,26.4144
,-7.74482,6.12384e-16,26.5388
,-7.70074,6.8017e-16,26.6866
,-7.68364,6.2558e-16,26.8236
,-7.63905,6.08168e-16,26.9593
,-7.69938,5.44524e-16,26.7923
,-7.42196,4.90415e-16,27.3899
,-7.52485,4.26571e-16,27.47
,-7.47268,5.07733e-16,27.5906
,-7.40971,4.77079e-16,27.7422
,-7.34932,4.36061e-16,27.886
,-7.2869,4.65627e-16,28.0197
,-7.22113,4.76299e-16,28.152
,-7.18079,4.58702e-16,28.2861
,-7.10806,4.52768e-16,28.432
,-7.03271,4.66161e-16,28.5887
,-6.95494,4.89947e-16,28.7491
,-7.00487,4.7448e-16,28.4356
,-6.67682,3.97219e-16,29.2954
,-6.77726,5.01838e-16,29.31
,-6.66143,5.17789e-16,29.4179
,-6.56441,4.3765e-16,29.5558
,-6.46949,4.73564e-16,29.6777
,-6.40696,4.78328e-16,29.795
,-6.30275,4.70941e-16,29.8979
,-6.19713,4.6926e-16,30.0232
,-6.08895,4.74705e-16,30.1649
,-5.97812,4.17128e-16,30.316
,-5.8982,4.37995e-16,30.4665
,-5.78202,4.87248e-16,30.6084
,-5.66317,4.40524e-16,30.7443
,-5.54164,4.83628e-16,30.8719
,-5.41715,4.16692e-16,30.9938
,-5.32435,4.39374e-16,31.1134
,-5.19385,4.73628e-16,31.229
,-5.06051,4.13489e-16,31.3494
,-4.92464,4.29525e-16,31.4703
,-4.78618,3.91791e-16,31.5895
,-4.68082,4.17124e-16,31.7069
,-4.53725,4.279e-16,31.8138
,-4.39101,4.46321e-16,31.9201
,-4.24246,4.16197e-16,32.0231
,-4.09149,4.23769e-16,32.1228
,-3.97464,4.10858e-16,32.2228
,-3.81919,3.85112e-16,32.3123
,-3.66124,4.34718e-16,32.4032
,-3.50131,4.22056e-16,32.4915
,-3.33935,3.65606e-16,32.5762
,-3.21248,4.30262e-16,32.6619
,-3.04698,4.14095e-16,32.7336
,-2.87921,4.11825e-16,32.8057
,-2.70983,3.8956e-16,32.8746
,-2.53882,4.09556e-16,32.9396
,-2.40368,3.43024e-16,33.0074
,-2.23018,3.22213e-16,33.0596
,-2.05446,3.27535e-16,33.1098
,-1.8755,3.06276e-16,33.1416
,-1.69874,1.29793e-16,33.2025
,-1.06559,-2.23706e-15,32.9521
,-1.12631,2.25775e-16,33.0611
,-1.06695,-3.42186e-15,33.1843
,-1.21871,2.96157e-16,33.4523
,-1.21889,6.14846e-16,33.6536
,-0.609415,3.04499e-15,33.4085
,-0.720954,8.30272e-15,33.5639
,-0.44039,4.02076e-16,33.5377
,-0.131909,2.95472e-16,33.4478
,0.0541067,2.63199e-16,33.4307
,0.201856,2.77466e-16,33.4347
,0.386099,2.45656e-16,33.421
,0.571302,2.10818e-16,33.4083
,0.756191,2.16857e-16,33.3923
,0.940642,2.05379e-16,33.3719
,1.08782,2.11666e-16,33.3597
,1.26976,1.58315e-16,33.325
,1.4523,1.92396e-16,33.2902
,1.63403,1.55607e-16,33.2519
,1.81479,1.35755e-16,33.2094
,1.95843,1.1438e-16,33.1767
,2.13545,1.28718e-16,33.1207
,2.31272,1.33796e-16,33.0649
,2.48872,1.27986e-16,33.0058
,2.66327,1.21297e-16,32.9427
,2.80105,1.05504e-16,32.8907
,2.97071,1.01496e-16,32.8145
,3.14032,1.01516e-16,32.7387
,3.30823,6.66722e-17,32.6598
,3.47425,4.87349e-17,32.5772
,3.60405,4.67417e-17,32.5071
,3.76416,6.53487e-17,32.4124
,3.92395,-2.35735e-18,32.3182
,4.08167,3.47646e-17,32.2213
,4.23711,-2.02463e-17,32.1211
,4.35711,-5.47878e-19,32.0346
,4.5058,-1.32471e-17,31.9232
,4.65393,-1.70713e-17,31.8126
,4.7997,-4.12665e-17,31.6998
,4.94289,-5.48643e-17,31.584
,5.05157,-7.15874e-17,31.483
,5.18732,-5.66436e-17,31.3573
,5.32235,-1.03977e-16,31.2326
,5.45478,-1.03546e-16,31.106
,5.58441,-9.98596e-17,30.9771
,5.68066,-1.11374e-16,30.8639
,5.80237,-1.3065e-16,30.7262
,5.92323,-1.21467e-16,30.5899
,6.04135,-1.34822e-16,30.4521
,6.15652,-1.4018e-16,30.3125
,6.23961,-1.67506e-16,30.1894
,6.34659,-1.62124e-16,30.0425
,6.45264,-1.95377e-16,29.8971
,6.55589,-1.93718e-16,29.7508
,6.65614,-1.96884e-16,29.6032
,6.72574,-1.88937e-16,29.4727
,6.8177,-1.57133e-16,29.3192
,6.90873,-2.15825e-16,29.1675
,6.99697,-2.24623e-16,29.0154
,7.08222,-2.21158e-16,28.8624
,7.13837,-2.08746e-16,28.727
,7.21545,-2.15871e-16,28.5696
,7.29162,-2.0096e-16,28.4142
,7.36507,-2.38577e-16,28.259
,7.43564,-2.57494e-16,28.1034
,7.47876,-2.57799e-16,27.9656
,7.54142,-2.39701e-16,27.8069
,7.60325,-2.75449e-16,27.6505
,7.66251,-2.57572e-16,27.4946
,7.71904,-2.80324e-16,27.339
,7.74985,-2.59653e-16,27.2012
,7.79891,-2.52143e-16,27.0438
,7.84723,-2.90234e-16,26.8889
,7.89317,-2.81668e-16,26.735
,7.93658,-2.93398e-16,26.5818
,7.96441,-2.98024e-16,26.3913
,7.9862,-3.09678e-16,26.3125
,8.03301,-3.32006e-16,26.141
,8.06283,-3.32233e-16,26.0162
,8.0936,-3.99927e-16,25.8852
,8.06656,-3.75656e-16,25.6892
,8.1207,-3.77353e-16,25.5839
,8.1509,-4.65711e-16,25.431
,8.17402,2.70418e-15,25.2712
,8.19385,9.10807e-16,25.117
,8.04114,-7.55017e-17,24.7239
,8.18003,-3.53044e-16,24.8135
,8.22139,-3.48091e-16,24.7468
,8.23557,-3.82962e-16,24.6378
,8.24313,-4.09882e-16,24.5194
,8.10081,-3.81006e-16,24.1965
,8.20744,-3.78711e-16,24.2437
,8.23036,-3.88061e-16,24.1505
,8.23528,-4.04806e-16,24.0302
,8.23557,-3.84719e-16,23.9071
,8.2165,-9.10391e-16,23.2349
,8.25841,-3.29314e-16,23.3366
,8.24343,-3.57026e-16,23.3624
,8.22312,-4.01269e-16,23.3573
,8.20425,-4.18095e-16,23.3324
,8.33304,-4.51317e-16,22.2606
,8.30779,-4.13383e-16,22.4063
,8.27432,-4.02284e-16,22.4953
,8.24407,-4.48221e-16,22.547
,8.21775,-4.54179e-16,22.571
,8.26671,-4.69726e-16,21.7326
,8.18231,-3.23056e-16,22.0322
,8.15018,-2.17653e-16,22.2143
,8.12889,-1.05504e-16,22.3097
,8.11159,-1.75826e-16,22.3479
,8.11095,-2.12846e-16,21.6752
,8.09067,-1.48204e-16,21.8743
,8.07099,-5.38527e-17,21.9843
,8.05384,-1.92979e-16,22.037
,8.03864,6.64571e-17,22.0525
,8.03042,-2.20391e-17,21.4744
,8.01308,-1.23605e-16,21.6315
,7.99615,-2.82433e-16,21.7214
,7.98113,-2.10104e-16,21.7674
,7.96764,-9.59753e-17,21.7843
,7.95413,-2.88287e-16,21.3158
,7.93982,6.13049e-17,21.446
,7.92573,-3.49584e-16,21.5243
,7.91312,-1.26718e-17,21.5679
,7.9018,-1.16759e-16,21.5883
,7.88695,1.14845e-16,21.2375
,7.87423,-1.67548e-17,21.3406
,7.8631,-6.87985e-16,21.4062
,7.85334,4.51253e-17,21.446
,7.84467,1.12921e-16,21.4685
,7.83058,-2.01361e-16,21.2341
,7.81943,-2.88234e-16,21.3115
,7.81136,-3.77206e-16,21.3642
,7.8046,-3.41456e-16,21.3994
,11.0216,-2.95848e-16,25.3429
,4.92314,-1.50529e-16,19.1937
,11.1061,-6.11181e-16,25.1918
,4.43496,-1.53647e-16,18.6052
,7.33387,-1.49819e-16,20.4112
,11.3213,-5.00568e-16,25.2175
,4.56294,-2.52981e-16,18.6946
,7.33443,-2.04137e-16,20.4387
,11.3362,-1.01515e-15,25.2875
,4.51841,1.21911e-16,18.6951
,7.32772,-7.16555e-17,20.4674
,7.70345,-1.98742e-16,21.0257
,11.3256,-5.86434e-16,25.5271
,4.55355,-6.07829e-16,18.9822
,7.32471,-3.39811e-16,20.6966
,11.6463,-2.11079e-15,25.5513
,4.24675,-3.92247e-16,19.0221
,7.28224,-2.36142e-16,20.8459
,7.6867,-3.56815e-16,21.2609
,7.74095,-2.75756e-16,21.4512
,12.1807,-9.39795e-16,25.9465
,3.85744,-3.00543e-16,19.3675
,7.23851,-4.42203e-16,21.281
,7.6866,-3.72643e-16,21.6578
,7.76905,-4.56008e-16,21.7717
,7.83324,-5.29255e-16,21.7608
,13.0355,-9.53419e-16,27.1894
,3.26768,-2.63539e-16,18.9962
,7.16294,-5.50354e-16,21.4162
,7.78086,-9.70203e-16,21.7767
,7.89704,-2.28357e-16,21.8299
,7.8784,-6.22055e-16,22.4607
,7.88433,-6.29943e-16,22.3718
,13.6721,-1.01946e-15,28.0382
,2.86211,-3.7365e-16,18.6699
,7.20254,-5.56263e-16,21.5257
,7.80569,-6.77008e-16,22.7249
,7.91403,-6.19575e-16,22.7057
,7.95505,-5.56944e-16,22.673
,7.98399,-6.28676e-16,22.6612
,14.0564,-9.96066e-16,29.0051
,2.56749,-3.81346e-16,19.4846
,7.15413,-5.28632e-16,22.521
,7.87501,-6.56697e-16,22.9719
,8.00722,-5.90027e-16,23.0468
,8.0466,-6.57944e-16,23.0858
,7.93349,-7.41674e-16,24.0586
,14.533,-1.10667e-15,31.2964
,2.09427,-3.12889e-16,19.1634
,7.16125,-6.03865e-16,22.7773
,7.94053,-6.37136e-16,23.3873
,7.90077,-6.05286e-16,24.5824
,7.93499,-6.321e-16,24.4547
,7.96596,-6.80294e-16,24.384
,14.8596,-1.09019e-15,32.6814
,1.80069,-2.45841e-16,19.0616
,6.81584,-5.38365e-16,24.5691
,7.65852,-5.45799e-16,25.1279
,7.83902,-6.10391e-16,25.1314
,7.91436,-6.50322e-16,25.047
,7.97533,-6.54678e-16,24.9517
,7.61796,-7.379e-16,26.3628
,7.50588,-4.91164e-16,26.4891
,7.73353,-7.79961e-16,26.1059
,7.7447,-6.23072e-16,25.9176
,7.6387,-8.32417e-15,26.1037
,7.33664,-1.02009e-15,27.0793
,7.50437,-4.41627e-16,26.7759
,7.33974,-9.03125e-15,27.0154
,7.64566,5.48306e-15,26.5295
,7.42212,-1.20063e-15,26.826
,7.07886,-1.75113e-16,27.7256
,7.33521,-1.37205e-15,27.338
,7.07603,-1.0368e-15,27.7492
,7.32726,2.79707e-16,27.4516
,7.34669,-1.6214e-15,27.3036
,6.95888,-3.40967e-16,27.9647
,6.80532,-3.91273e-15,28.3992
,7.10905,-5.71467e-16,28.0361
,7.00675,-9.10518e-15,28.0831
,7.06339,-2.96776e-16,27.9743
,6.71703,-5.12114e-16,28.5843
,6.81427,-5.43685e-16,28.5095
,6.83435,-5.63942e-16,28.3014
,6.53291,-7.10241e-16,28.9079
,6.76848,-5.80612e-16,28.6987
,6.33816,-6.17851e-16,29.3294
,6.43977,-5.67996e-16,29.2531
,6.34069,-5.76576e-16,29.3588
,6.24642,-5.56902e-16,29.4716
,6.28133,-5.47906e-16,29.3883
,5.94255,-6.32137e-16,29.8796
,5.98717,-5.42526e-16,29.856
,5.87633,-5.72541e-16,29.9777
,5.76783,-5.40923e-16,30.1158
,6.09674,-6.02988e-16,29.3183
,5.11228,-5.81272e-16,31.0199
,5.51607,-5.63972e-16,30.6687
,5.36289,-5.4237e-16,30.7116
,5.23571,-5.64482e-16,30.8163
,5.14752,-1.42384e-15,30.8636
,4.98562,-5.44394e-16,31.0403
,4.89333,-4.69737e-16,31.0795
,4.76003,-4.85987e-16,31.171
,4.62548,-4.88122e-16,31.2822
,4.48892,-4.76556e-16,31.403
,4.38498,-4.29313e-16,31.5255
,4.24439,-4.43608e-16,31.6352
,4.10151,-4.42766e-16,31.7378
,3.95656,-4.23467e-16,31.8309
,3.80935,-4.314e-16,31.9172
,3.69534,-3.84836e-16,32.0035
,3.54389,-4.2282e-16,32.082
,3.39014,-4.53525e-16,32.1648
,3.23462,-3.53254e-16,32.2475
,3.07733,-4.01135e-16,32.3278
,2.95429,-4.16071e-16,32.4085
,2.79389,-3.67782e-16,32.475
,2.63147,-3.771e-16,32.5403
,2.46761,-3.92111e-16,32.6015
,2.30231,-3.06298e-16,32.6589
,2.17196,-3.09614e-16,32.7191
,2.00444,-3.01872e-16,32.7655
,1.83517,-2.94473e-16,32.8126
,1.6649,-3.6737e-16,32.8569
,1.49364,-4.04314e-16,32.8971
,1.35794,-2.61513e-16,32.9407
,1.18425,-3.22239e-16,32.9492
,1.01,-3.22604e-16,32.9715
,0.836979,-2.96208e-16,33.0175
,0.661489,-2.79054e-16,33.0414
,0.521772,-1.99094e-16,33.0667
,0.346116,-2.40865e-16,33.0734
,0.169373,-2.3597e-16,33.0797
,-0.00742507,-2.25939e-16,33.0825
,-0.184201,-2.2757e-16,33.0809
,-0.324723,-2.14805e-16,33.0857
,-0.500199,-2.78786e-16,33.071
,-0.676419,-1.92881e-16,33.0563
,-0.852224,-1.95124e-16,33.0383
,-1.44731,-7.04834e-17,42.5939
,-0.783829,-2.52797e-16,25.2864
,-1.28001,-1.22625e-16,31.3881
,-1.49971,-1.33924e-16,32.6052
,-1.68422,-1.14963e-16,32.8214
,-1.85933,-1.03984e-16,32.8319
,-1.99619,-1.11467e-16,32.8112
,-2.16524,-9.13302e-17,32.7604
,-2.33431,-8.52243e-17,32.7072
,-2.50207,-5.29682e-17,32.6493
,-2.6684,-4.54821e-17,32.5867
,-2.79895,-3.63573e-17,32.5342
,-2.96068,-8.75446e-18,32.4594
,-3.12223,-1.9132e-17,32.3853
,-3.2821,-2.6521e-18,32.3088
,-3.44014,-1.31632e-17,32.2291
,-3.56295,2.99501e-17,32.1613
,-3.71549,1.3553e-17,32.0705
,-3.8676,3.43283e-17,31.9798
,-4.01769,5.35651e-17,31.8864
,-4.16561,6.75894e-17,31.7898
,-4.27903,6.31121e-17,31.7061
,-4.42066,1.00917e-16,31.5994
,-4.56164,8.51783e-17,31.4934
,-4.70034,8.98546e-17,31.3854
,-4.83658,1.21882e-16,31.2747
,-4.93925,1.21524e-16,31.1779
,-5.0686,1.27427e-16,31.0581
,-5.19715,1.02177e-16,30.9391
,-5.3232,1.37638e-16,30.8183
,-5.4466,1.56116e-16,30.6953
,-5.53751,1.85011e-16,30.5871
,-5.65358,1.91106e-16,30.4563
,-5.76873,1.78326e-16,30.3266
,-5.88126,2.15932e-16,30.1957
,-5.99102,2.35869e-16,30.063
,-6.06952,2.2309e-16,29.9458
,-6.17171,2.3583e-16,29.8065
,-6.27291,2.50491e-16,29.6686
,-6.37144,2.36094e-16,29.5298
,-6.46714,2.63353e-16,29.3899
,-6.53297,2.77449e-16,29.266
,-6.62104,2.98993e-16,29.1207
,-6.70811,2.90575e-16,28.977
,-6.79253,2.90539e-16,28.8331
,-6.87414,3.04821e-16,28.6883
,-6.92739,3.22725e-16,28.5601
,-7.00148,3.30843e-16,28.4113
,-7.07461,3.24379e-16,28.2645
,-7.14517,2.22274e-16,28.1177
,-7.21302,2.69484e-16,27.9707
,-7.2541,2.99757e-16,27.8404
,-7.31469,2.82925e-16,27.6907
,-7.3744,3.27701e-16,27.543
,-7.43167,3.68795e-16,27.396
,-7.48638,3.67593e-16,27.2491
,-7.51601,3.59297e-16,27.1189
,-7.56388,3.8282e-16,26.9705
,-7.61097,3.78033e-16,26.8245
,-7.65581,3.60044e-16,26.6794
,-7.69829,3.75601e-16,26.5349
,-7.71743,4.18964e-16,26.4069
,-7.7536,4.4154e-16,26.2622
,-7.78911,4.05109e-16,26.1199
,-7.8226,4.35533e-16,25.9789
,-7.85397,4.23388e-16,25.8389
,-7.8638,4.40816e-16,25.7151
,-7.88948,4.55097e-16,25.576
,-7.91465,4.49409e-16,25.4394
,-7.93805,4.25842e-16,25.3045
,-7.9596,4.50549e-16,25.171
,-7.96142,4.61584e-16,25.0531
,-7.97797,4.81101e-16,24.9214
,-7.99416,4.57466e-16,24.7924
,-8.00885,5.11371e-16,24.6653
,-8.02197,5.06073e-16,24.5401
,-8.01721,5.13866e-16,24.4296
,-8.02606,4.13646e-16,24.307
,-8.03582,-1.25623e-15,24.1813
,-8.04474,1.03402e-15,24.0568
,-8.05057,4.80647e-16,23.9678
,-8.04292,-9.65938e-16,23.8974
,-8.04283,5.28174e-16,23.7962
,-8.04175,4.94198e-16,23.6857
,-8.03955,5.07453e-16,23.5704
,-8.03631,4.92725e-16,23.4551
,-7.94358,5.00029e-16,23.2327
,-7.99754,9.24227e-16,23.2284
,-8.00369,9.29673e-17,23.1529
,-7.99968,-1.62802e-16,23.0684
,-7.99323,-5.9199e-17,22.9854
,-7.87688,3.23061e-16,22.76
,-7.94613,3.38094e-16,22.8031
,-7.95346,2.19165e-16,22.746
,-7.94799,-1.17622e-15,22.6691
,-7.93966,-1.49006e-15,22.5891
,-7.84191,4.61307e-16,22.3982
,-7.89476,4.56147e-16,22.4208
,-7.89758,4.66332e-16,22.369
,-7.8902,4.3242e-16,22.3058
,-7.88071,4.62617e-16,22.2432
,-7.82491,6.15602e-14,21.9986
,-7.86618,3.13975e-14,22.0191
,-7.86068,7.15643e-15,21.9955
,-7.84934,1.25514e-15,21.9601
,-7.8383,5.77769e-16,21.9194
,-7.92476,4.69127e-16,21.3938
,-7.88909,7.16558e-16,21.477
,-7.81731,4.12107e-16,21.5991
,-7.79231,2.68565e-16,21.6688
,-7.77693,3.8849e-16,21.6981
,-7.78917,6.90363e-16,21.4023
,-7.76698,5.82087e-16,21.5135
,-7.75165,5.56462e-16,21.5708
,-7.73989,9.31169e-16,21.5958
,-7.73034,3.73388e-16,21.6021
,-7.73863,2.16591e-16,21.4015
,-7.72116,7.46783e-16,21.4695
,-7.71046,4.62828e-16,21.5066
,-7.7025,5.10103e-16,21.525
,-7.69619,3.91031e-16,21.5328
,-7.69943,6.18746e-16,21.4367
,-7.68737,4.35144e-16,21.4758
,-7.68108,5.41924e-16,21.501
,-7.6767,3.75328e-16,21.5176
,-7.67343,3.81046e-16,21.5297
,-7.67273,3.12144e-16,21.5448
,-7.6649,6.12106e-16,21.553
,-7.66279,3.40089e-16,21.5646
,-7.66192,-1.83004e-15,21.5782
,-7.66161,2.94015e-16,21.5937
,-7.65666,7.45912e-16,21.717
,-7.65338,4.72241e-16,21.6946
,-7.6553,4.34573e-16,21.693
,-7.65763,4.65241e-16,21.7038
,-7.65992,2.66885e-16,21.7231
,-7.65021,3.14589e-16,21.9544
,-7.65123,3.35916e-16,21.9002
,-7.65678,6.74622e-16,21.8848
,-7.64847,5.63705e-16,21.916
,-7.64226,1.12843e-15,21.9711
,-7.60925,1.09751e-15,22.3573
,-7.61784,6.14113e-16,22.2947
,-7.63275,4.63801e-16,22.2705
,-7.64609,5.51736e-16,22.2704
,-7.65743,4.51557e-16,22.2875
,-7.61805,8.09299e-17,22.755
,-7.63652,1.0951e-15,22.6366
,-7.65855,2.30954e-16,22.5794
,-7.67651,6.44636e-16,22.5616
,-7.69057,9.06703e-16,22.5716
,-7.75656,4.74013e-16,22.8003
,-7.74129,1.61768e-16,22.6612
,-7.72476,6.43349e-16,22.7069
,-7.72411,5.80741e-16,22.7802
,-7.72623,4.76826e-16,22.8609
,-7.82737,4.09671e-16,23.0818
,-7.75639,3.2931e-16,23.053
,-7.74358,7.36783e-16,23.1197
,-7.74166,5.66056e-16,23.2068
,-7.69595,3.64544e-16,23.3842
,-7.87512,1.14766e-15,23.559
,-7.78367,1.18376e-16,23.4861
,-7.70876,-2.63923e-13,23.6647
,-7.76048,1.26151e-15,23.7364
,-7.78049,-2.65337e-15,23.7469
,-7.69587,-1.69e-14,23.9353
,-7.79741,-5.73411e-16,23.9511
,-7.68591,-7.61107e-15,24.1862
,-7.74214,-3.56808e-16,24.2811
,-7.72148,4.26273e-16,24.3772
,-7.79685,-4.38623e-17,24.3575
,-7.64263,1.78614e-17,24.6498
,-7.7188,1.66218e-16,24.736
,-7.68837,1.62378e-16,24.8345
,-7.74244,-1.06755e-16,24.7771
,-7.58192,3.7057e-14,25.143
,-7.67299,2.45823e-16,25.2318
,-7.63447,2.43261e-16,25.3327
,-7.60737,2.11476e-16,25.4542
,-7.58204,1.52137e-16,25.5751
,-7.57762,4.23431e-16,25.6916
,-7.6442,3.1807e-16,25.5536
,-7.40694,6.14517e-15,26.0599
,-7.51567,2.64964e-16,26.1395
,-7.45887,2.0426e-16,26.2517
,-7.44044,4.554e-16,26.3818
,-7.40167,4.24524e-16,26.5077
,-7.36136,3.71407e-16,26.6274
,-7.31843,3.11999e-16,26.7473
,-7.27268,3.49927e-16,26.8743
,-7.24898,4.40384e-16,27.0052
,-7.19817,4.08414e-16,27.1471
,-7.26759,4.16004e-16,26.9017
,-6.9555,2.28647e-15,27.6405
,-7.07453,5.29018e-16,27.6794
,-7.01497,5.94372e-16,27.7793
,-6.94783,6.03376e-16,27.9086
,-6.88344,5.54845e-16,28.0268
,-6.8169,5.76077e-16,28.1363
,-6.74704,5.59068e-16,28.2496
,-6.70198,5.53719e-16,28.3715
,-6.62582,5.69503e-16,28.5085
,-6.54735,5.57503e-16,28.6573
,-6.4668,5.44874e-16,28.8082
,-6.384,6.09167e-16,28.9547
,-6.32832,5.33719e-16,29.0904
,-6.24018,5.81806e-16,29.2191
,-6.1493,6.24241e-16,29.3464
,-6.05573,5.82524e-16,29.473
,-5.95937,5.53293e-16,29.6008
,-5.89125,5.44018e-16,29.7283
,-5.78934,5.95983e-16,29.8553
,-5.68483,5.47947e-16,29.9847
,-5.57789,5.37455e-16,30.1124
,-5.46838,5.65017e-16,30.2371
,-5.38849,4.9266e-16,30.3578
,-5.27366,5.16838e-16,30.4728
,-5.15617,5.22264e-16,30.589
,-5.03626,5.11381e-16,30.7041
,-4.91383,4.98404e-16,30.8177
,-4.82225,5.1564e-16,30.93
,-4.69491,4.86881e-16,31.0357
,-4.70138,-2.95142e-16,30.3296
,-4.29593,4.63487e-16,31.7118
,-4.33743,4.74241e-16,31.5072
,-4.21273,4.35585e-16,31.5661
,-4.07012,3.98861e-16,31.654
,-3.92902,4.23986e-16,31.7128
,-3.7861,3.98832e-16,31.7492
,-3.64056,3.9825e-16,31.7877
,-3.52749,4.07114e-16,31.8494
,-3.37769,4.06738e-16,31.9268
,-3.22578,4.34582e-16,32.0239
,-3.07245,3.75735e-16,32.1242
,-2.91767,3.49574e-16,32.2153
,-2.79682,3.8519e-16,32.296
,-2.63939,4.23414e-16,32.3523
,-2.47984,3.89915e-16,32.4025
,-2.31887,3.53855e-16,32.4494
,-2.1565,3.79028e-16,32.4968
,-2.02862,4.81822e-16,32.5526
,-1.86255,4.2669e-16,32.5838
,-1.62615,9.15517e-15,32.5933
,-1.59962,1.90508e-15,32.7279
,-1.36193,1.38202e-15,32.7404
,-0.398892,7.9999e-16,32.2163
,-0.748273,-3.5859e-15,32.4594
,-0.913345,-3.07743e-17,32.7522
,-0.952182,8.25425e-16,32.975
,-0.809544,4.42099e-16,33.0593
,-0.458216,2.54907e-16,32.9363
,-0.474069,3.20725e-16,33.0552
,-0.324829,7.61547e-16,33.1061
,0.0525015,3.1477e-16,32.953
,0.281355,-5.75175e-17,32.8826
,0.417791,2.5522e-16,32.8721
,0.589422,1.58428e-16,32.8516
,0.761952,1.06014e-16,32.8337
,0.93409,8.01619e-17,32.8134
,1.10571,8.4424e-17,32.7895
,1.24172,9.68355e-17,32.7737
,1.4107,4.79217e-17,32.7369
,1.58022,6.12311e-17,32.7001
,1.7489,3.65293e-17,32.6599
,1.9166,5.50655e-17,32.6158
,2.04888,2.11693e-17,32.5811
,2.21285,9.38867e-18,32.5248
,2.37707,-2.00781e-17,32.469
,2.54005,1.40029e-18,32.4102
,2.70162,-5.37396e-17,32.3479
,2.82816,-3.48986e-17,32.2962
,2.98503,-5.96734e-17,32.2221
,3.14187,-5.96211e-17,32.1484
,3.29709,-6.38664e-17,32.072
,3.45054,-1.04465e-16,31.9923
,3.56952,-7.24142e-17,31.9244
,3.71739,-1.03993e-16,31.8338
,3.86499,-1.12926e-16,31.7438
,4.01067,-1.06393e-16,31.6515
,4.15425,-1.31722e-16,31.5563
,4.26411,-9.92926e-17,31.4739
,4.40139,-1.30604e-16,31.3687
,4.5382,-1.71264e-16,31.2643
,4.67284,-1.76546e-16,31.1579
,4.80512,-1.69259e-16,31.0489
,4.90461,-1.65307e-16,30.9538
,5.03002,-1.99242e-16,30.836
,5.15482,-1.63581e-16,30.7193
,5.27726,-1.93396e-16,30.6009
,5.39715,-2.25849e-16,30.4805
,5.48535,-2.4694e-16,30.3747
,5.59798,-2.44629e-16,30.2466
,5.7099,-2.62748e-16,30.1197
,5.81933,-2.63889e-16,29.9917
,5.92611,-2.70403e-16,29.862
,6.00243,-2.81224e-16,29.7477
,6.10174,-2.56871e-16,29.6116
,6.20026,-2.84435e-16,29.477
,6.29627,-2.724e-16,29.3417
,6.38956,-3.19194e-16,29.2053
,6.45378,-3.19001e-16,29.0847
,6.53957,-3.46615e-16,28.9431
,6.62456,-3.17408e-16,28.8032
,6.70705,-3.17671e-16,28.663
,6.78686,-3.36012e-16,28.5223
,6.83907,-3.42768e-16,28.3976
,6.91149,-3.65381e-16,28.2529
,6.98315,-3.59515e-16,28.1101
,7.05237,-4.04348e-16,27.9676
,7.119,-4.16637e-16,27.8248
,7.15961,-3.95106e-16,27.6983
,7.21914,-3.78329e-16,27.5529
,7.27795,-4.11377e-16,27.4097
,7.33445,-3.99309e-16,27.267
,7.38851,-4.30672e-16,27.1247
,7.4182,-4.11638e-16,26.9985
,7.46555,-5.04067e-16,26.8547
,7.51228,-4.39218e-16,26.7132
,7.55687,-4.63005e-16,26.5727
,7.61372,-4.20897e-16,26.3362
,7.59623,-6.53448e-16,26.3599
,7.65911,-4.35349e-16,26.1767
,7.69237,-4.65967e-16,26.0415
,7.73128,-4.42776e-16,25.8747
,7.75848,-5.22362e-16,25.7603
,7.77088,-4.37464e-16,25.6705
,7.79447,-3.88019e-16,25.5459
,7.81968,-2.61878e-16,25.4134
,7.84338,-4.26116e-15,25.2716
,7.86499,-2.33468e-15,25.1256
,7.76145,-1.12946e-15,24.8071
,7.86191,-4.67893e-16,24.8216
,7.90098,-4.63777e-16,24.7484
,7.91673,-4.81086e-16,24.6437
,7.92675,-5.01651e-16,24.5375
,7.78854,-4.88484e-16,24.2251
,7.89775,-4.96131e-16,24.2964
,7.92378,-5.01609e-16,24.223
,7.93211,-4.80381e-16,24.1191
,7.93595,-5.05765e-16,24.0085
,7.8877,-4.32452e-16,23.5202
,7.94012,-5.39914e-16,23.5955
,7.93334,-5.27714e-16,23.5999
,7.9204,-5.38123e-16,23.5791
,7.90836,-5.03061e-16,23.5435
,8.04007,-3.04506e-16,22.529
,8.01946,-4.96929e-16,22.667
,7.99154,-4.75956e-16,22.7513
,7.96679,-5.63121e-16,22.8002
,7.94575,-5.41635e-16,22.8225
,8.04108,5.0703e-19,21.9858
,7.93308,-5.20695e-16,22.2802
,7.90048,-3.79813e-16,22.4657
,7.88232,-8.56229e-16,22.564
,7.86882,-7.06708e-16,22.605
,7.87625,-5.09187e-16,21.9957
,7.85759,-4.17768e-16,22.1866
,7.84147,-5.0118e-16,22.2913
,7.82817,-1.01187e-15,22.3411
,7.81684,-3.46223e-16,22.3555
,7.8173,-6.71494e-16,21.8372
,7.80096,-4.24538e-16,21.984
,7.78714,-5.07214e-16,22.0668
,7.77554,-7.37666e-16,22.108
,7.76549,-7.13082e-16,22.1222
,7.76018,-6.79799e-16,21.7078
,7.74682,-7.85319e-16,21.8274
,7.73541,-4.89344e-16,21.8982
,7.72569,-1.31225e-15,21.9367
,7.71724,-6.61781e-16,21.9539
,7.7096,-7.98553e-16,21.653
,7.69766,-4.39349e-16,21.7451
,7.68865,-3.98405e-16,21.8027
,7.68114,-3.92454e-16,21.837
,7.67467,-6.57602e-16,21.8557
,7.66636,-8.6459e-16,21.6668
,7.6559,-6.37424e-16,21.7324
,7.64939,-3.67992e-16,21.7767
,7.64423,-5.43354e-16,21.8061
,7.63989,-4.72833e-16,21.8257
,7.63248,-3.11342e-16,21.7503
,7.6229,-5.98987e-16,21.7885
,7.61877,-7.20025e-16,21.8183
,7.6159,-6.16076e-16,21.8415
,7.61367,-8.57556e-16,21.8607
,7.60775,-7.89772e-16,21.898
,7.59888,-5.8661e-16,21.9081
,7.59695,-8.66382e-16,21.9224
,7.59622,-6.58812e-16,21.9386
,7.59589,-3.32488e-16,21.9567
,7.59141,-4.57506e-16,22.1062
,7.58305,-8.50437e-16,22.0869
,7.58306,-6.71282e-16,22.0849
,7.58414,-3.68405e-16,22.0933
,7.58536,-4.35914e-16,22.1097
,7.58152,-8.61845e-16,22.3701
,7.57366,-4.319e-16,22.3201
,7.5753,-5.37241e-16,22.3009
,7.57777,-8.47291e-16,22.3013
,7.58004,-5.82738e-16,22.3159
,7.57533,-5.40678e-16,22.6855
,7.56811,-5.06305e-16,22.6035
,7.57101,-5.22363e-16,22.5665
,7.61291,-4.09076e-16,22.4889
,7.64289,-5.05795e-16,22.4149
,7.61621,-6.04305e-16,22.8808
,7.62283,-6.09183e-16,22.7425
,7.64622,-6.08409e-16,22.6465
,7.67078,-6.4132e-16,22.5793
,7.6942,-6.48182e-16,22.5364
,7.64576,-6.62782e-16,23.1445
,7.65434,-5.68738e-16,23.014
,7.67908,-5.29556e-16,22.9292
,7.70437,-6.344e-16,22.8758
,7.72794,-7.10604e-16,22.8488
,7.65418,-6.48364e-16,23.5704
,7.66777,-5.80499e-16,23.4332
,7.69469,-5.84183e-16,23.346
,7.72093,-7.48109e-16,23.2944
,7.74448,-6.87333e-16,23.2726
,7.64199,-6.8135e-16,24.1004
,7.66041,-5.59457e-16,23.9439
,7.68952,-7.67663e-16,23.8451
,7.71635,-6.27984e-16,23.7884
,7.73918,-6.00594e-16,23.7669
,7.60359,-6.89123e-16,24.6944
,7.62773,-6.07586e-16,24.5123
,7.659,-6.36786e-16,24.3976
,7.68586,-6.7514e-16,24.3329
,14.7696,-1.38361e-15,33.0591
,1.07325,-4.63635e-17,19.8526
,6.4829,-6.31083e-16,24.2388
,7.39091,-6.70497e-16,24.8666
,7.57811,-6.64997e-16,24.8847
,7.65105,-6.5733e-16,24.8075
,7.32971,-6.79798e-16,26.1102
,7.22323,-7.82465e-16,26.2228
,7.37593,-7.81805e-16,25.9812
,7.46177,-6.18256e-16,25.6935
,7.48816,-7.636e-16,25.5276
,6.91719,-5.03994e-16,26.8477
,7.17642,-7.9027e-16,26.6386
,7.29583,-5.97797e-16,26.3019
,7.12006,-2.91306e-15,26.5534
,7.30276,1.56366e-15,26.3342
,7.0419,-5.11146e-16,26.8466
,7.093,-5.98252e-16,26.7872
,7.11824,-6.8332e-16,26.8445
,7.0528,-5.93872e-16,26.9402
,7.25708,-7.95361e-16,26.5208
,6.68172,-6.94192e-16,27.5672
,6.95658,-6.95025e-16,27.3945
,6.87186,-6.83263e-16,27.4745
,6.80713,-6.71464e-16,27.5979
,6.85943,-2.28658e-15,27.5174
,6.68599,-6.87156e-16,27.7611
,6.54629,-7.01834e-16,28.1134
,6.60696,-6.36211e-16,28.1657
,6.5142,-6.94295e-16,28.2661
,6.55546,-3.29581e-16,28.1975
,6.26012,-6.81888e-16,28.6942
,6.31894,-7.11287e-16,28.652
,6.23214,-6.24413e-16,28.7491
,6.14761,-6.30115e-16,28.8649
,6.162,-3.74523e-16,28.8332
,6.01186,-6.067e-16,28.8509
,5.79155,-6.75436e-16,29.4757
,5.85613,-6.15481e-16,29.4873
,5.73653,-5.90597e-16,29.5769
,5.71773,-2.06704e-16,29.5726
,5.47568,-5.76085e-16,29.9
,5.46608,-6.0748e-16,29.8921
,5.357,-5.89006e-16,29.9709
,5.2477,-6.15849e-16,30.0708
,5.15522,2.0209e-15,30.1608
,5.03437,-5.51503e-16,30.3333
,4.93948,-5.09106e-16,30.4371
,4.82112,-4.89155e-16,30.5554
,4.70131,-5.84162e-16,30.6668
,4.57934,-5.44376e-16,30.7697
,4.48758,-4.92378e-16,30.867
,4.36093,-5.67567e-16,30.9578
,4.23181,-5.42799e-16,31.0518
,4.10062,-4.7119e-16,31.1471
,3.96737,-5.34108e-16,31.2425
,3.86551,-5.24766e-16,31.3382
,3.72842,-4.96632e-16,31.4249
,3.58916,-5.05544e-16,31.5108
,3.44813,-4.50337e-16,31.5929
,3.30527,-4.59877e-16,31.6711
,3.19468,-4.84615e-16,31.7493
,3.04853,-4.73358e-16,31.8176
,2.90034,-4.43349e-16,31.8869
,2.75069,-4.10866e-16,31.9542
,2.59954,-4.13429e-16,32.0186
,2.48148,-4.15049e-16,32.0844
,2.3279,-3.8634e-16,32.1377
,2.17253,-4.16569e-16,32.1908
,2.01604,-4.14496e-16,32.2409
,1.85841,-5.47463e-16,32.2874
,1.73452,-4.1417e-16,32.3366
,1.57536,-4.198e-16,32.3719
,1.41468,-3.57542e-16,32.4075
,1.25325,-3.31029e-16,32.4402
,1.0911,-3.3103e-16,32.4692
,0.962691,-3.40035e-16,32.4937
,0.799091,-2.97206e-16,32.4982
,0.635664,-2.82053e-16,32.527
,0.471517,-2.9212e-16,32.5529
,0.306257,-3.06809e-16,32.5656
,0.175502,-2.63859e-16,32.5815
,0.0107096,-2.52281e-16,32.5799
,-0.154991,-2.52466e-16,32.578
,-0.32057,-2.13518e-16,32.5729
,-0.485954,-2.30607e-16,32.564
,-0.616575,-1.83158e-16,32.5614
,-0.780325,-3.20122e-16,32.5407
,-0.944677,-2.75349e-16,32.52
,-1.10793,-1.96692e-16,32.4958
,-1.27156,-1.5292e-16,32.4645
,-1.40166,-1.70348e-16,32.4444
,-1.56327,-1.45807e-16,32.4056
,-1.7251,-1.43616e-16,32.3665
,-1.886,-1.24972e-16,32.3242
,-2.04586,-1.37635e-16,32.2784
,-2.17122,-1.26745e-16,32.2413
,-2.32749,-7.86753e-17,32.1842
,-2.4838,-7.52659e-17,32.1272
,-2.63881,-5.30429e-17,32.0674
,-2.7924,-3.92284e-17,32.0043
,-2.91189,-8.42999e-18,31.9513
,-3.06099,1.94244e-17,31.8776
,-3.20989,-2.01511e-18,31.8041
,-3.35715,3.16924e-17,31.7281
,-3.50265,6.51238e-17,31.649
,-3.61461,1.13096e-17,31.5811
,-3.75485,5.48956e-17,31.4922
,-3.89465,2.29012e-17,31.4037
,-4.03254,7.45711e-17,31.3131
,-4.16837,7.19714e-17,31.2197
,-4.27142,7.82119e-17,31.1385
,-4.40135,8.82737e-17,31.0362
,-4.53067,1.01421e-16,30.9345
,-4.65785,8.96662e-17,30.831
,-4.78275,1.49495e-16,30.7252
,-4.87578,1.39563e-16,30.6324
,-4.99428,1.38636e-16,30.5187
,-5.11203,1.69195e-16,30.4058
,-5.22749,1.78765e-16,30.2915
,-5.3405,2.16458e-16,30.1753
,-5.42271,2.30364e-16,30.0729
,-5.52899,2.49666e-16,29.9499
,-5.63444,2.99125e-16,29.828
,-5.73749,2.21732e-16,29.7051
,-5.838,2.63243e-16,29.5807
,-5.90893,2.48951e-16,29.4708
,-6.00255,2.96482e-16,29.3408
,-6.09528,2.51534e-16,29.2121
,-6.18559,2.86518e-16,29.0828
,-6.27333,3.20139e-16,28.9525
,-6.33283,3.2674e-16,28.8371
,-6.41367,3.32562e-16,28.7024
,-6.49362,3.06423e-16,28.5692
,-6.57117,6.58377e-16,28.4358
,-6.6462,6.13697e-16,28.3019
,-6.69442,3.083e-16,28.1831
,-6.76269,1.32394e-15,28.046
,-6.8301,3.93168e-16,27.9105
,-6.8952,3.90188e-16,27.7753
,-6.95786,4.10664e-16,27.64
,-6.99527,4.28631e-16,27.52
,-7.05145,4.36766e-16,27.3826
,-7.10685,4.65209e-16,27.2472
,-7.16006,4.79563e-16,27.1123
,-7.21099,4.20171e-16,26.9778
,-7.23827,4.40415e-16,26.8585
,-7.28312,4.62991e-16,26.7229
,-7.32726,4.63061e-16,26.5895
,-7.36941,4.49903e-16,26.4571
,-7.40945,4.6595e-16,26.3254
,-7.42752,4.50302e-16,26.2087
,-7.46197,4.80138e-16,26.077
,-7.49584,4.85106e-16,25.9476
,-7.52791,4.84534e-16,25.8195
,-7.5581,4.85786e-16,25.6925
,-7.56802,4.87137e-16,25.5801
,-7.59319,4.74417e-16,25.4541
,-7.6179,4.91178e-16,25.3305
,-7.64104,4.67326e-16,25.2085
,-7.66254,4.76829e-16,25.088
,-7.66552,5.00311e-16,24.9814
,-7.68263,5.17921e-16,24.8627
,-7.6994,4.84457e-16,24.7465
,-7.71484,4.68097e-16,24.6322
,-7.7289,4.34352e-16,24.5196
,-7.72621,4.44017e-16,24.4203
,-7.73652,3.66133e-16,24.3104
,-7.74664,-2.25701e-16,24.203
,-7.75567,4.01907e-16,24.0978
,-7.76556,5.25562e-16,24.0023
,-7.76036,-4.59509e-17,23.9242
,-7.7628,5.51606e-16,23.8285
,-7.76435,5.5338e-16,23.7337
,-7.76496,5.57115e-16,23.6407
,-7.76476,5.18579e-16,23.5496
,-7.7514,5.06363e-16,23.4699
,-7.74895,4.74558e-16,23.3826
,-7.74661,5.61813e-16,23.298
,-7.74739,8.92802e-16,23.198
,-7.74113,7.25138e-16,23.1333
,-7.7256,5.49704e-16,23.0799
,-7.72038,1.15051e-15,23.0134
,-7.71552,9.32904e-16,22.9406
,-7.71034,7.04307e-16,22.8632
,-7.70475,7.69749e-16,22.7847
,-7.63633,1.8298e-15,22.6307
,-7.67192,5.89915e-16,22.6305
,-7.6738,6.0108e-16,22.5821
,-7.66876,6.3424e-16,22.5294
,-7.66228,6.16537e-16,22.4796
,-7.58531,6.05692e-16,22.3397
,-7.6281,5.9437e-16,22.3737
,-7.63125,5.8552e-16,22.3438
,-7.62642,5.78983e-16,22.3013
,-7.62001,5.80083e-16,22.2571
,-7.56562,6.01891e-16,22.1542
,-7.59759,6.15805e-16,22.1536
,-7.60483,1.2042e-15,22.1075
,-7.60477,1.06494e-15,22.0602
,-7.60375,8.96298e-16,22.0161
,-7.61132,4.58131e-16,21.7607
,-7.57927,7.60506e-16,21.8644
,-7.56449,6.17659e-16,21.9179
,-7.55473,5.68691e-16,21.9407
,-7.54732,1.10954e-15,21.9464
,-7.55851,6.13127e-16,21.8049
,-7.5425,6.24249e-16,21.8575
,-7.53394,6.14022e-16,21.8852
,-7.52795,5.7646e-16,21.8986
,-7.52332,7.84692e-16,21.9049
,-7.52733,6.25444e-16,21.8596
,-7.51748,5.48452e-16,21.8829
,-7.51288,7.90382e-16,21.8995
,-7.50973,6.43264e-16,21.9123
,-7.50731,7.55152e-16,21.9239
,-7.50486,4.27837e-16,21.983
,-7.49988,5.21831e-16,21.9747
,-7.49899,7.68287e-16,21.9786
,-7.49856,7.67103e-16,21.9897
,-7.49821,7.46155e-16,22.006
,-7.48224,5.66563e-16,22.1764
,-7.46277,7.49692e-16,22.1763
,-7.46319,3.52369e-16,22.1934
,-7.4665,4.64314e-16,22.2158
,-7.4702,7.07042e-16,22.2417
,-7.44244,5.78789e-16,22.5248
,-7.45362,1.02057e-15,22.4587
,-7.46667,5.09049e-16,22.4315
,-7.47714,8.87864e-16,22.4286
,-7.4853,5.65551e-16,22.4422
,-7.46233,5.8134e-16,22.777
,-7.53332,8.40583e-16,22.5206
,-7.51182,6.50322e-16,22.537
,-7.50907,6.86423e-16,22.586
,-7.50987,1.47973e-15,22.6433
,-7.58197,4.57153e-16,22.804
,-7.49727,1.24325e-15,22.8463
,-7.52054,4.38322e-16,22.8708
,-7.53321,7.13226e-16,22.8662
,-7.48206,5.20579e-16,22.9888
,-7.56622,2.4838e-16,23.0105
,-7.48554,6.15537e-16,23.1426
,-7.52061,7.77807e-16,23.2103
,-7.54846,1.03352e-15,23.2024
,-7.46091,6.53997e-16,23.4059
,-7.52526,7.21156e-16,23.4686
,-7.55806,9.54951e-16,23.4337
,-7.45065,8.35778e-16,23.6669
,-7.5135,6.45923e-16,23.7326
,-7.49489,1.23998e-15,23.8063
,-7.49722,1.36319e-15,23.8897
,-7.55105,7.40544e-16,23.8315
,-7.41025,-4.26918e-14,24.1416
,-7.49959,1.58791e-15,24.2293
,-7.4751,9.54573e-16,24.3154
,-7.47524,8.42693e-16,24.4118
,-7.46201,8.23893e-16,24.5112
,-7.52988,9.15214e-16,24.4081
,-7.33989,1.30553e-13,24.8013
,-7.44374,6.77367e-16,24.8668
,-7.42366,8.38808e-16,24.9487
,-7.39987,8.92537e-16,25.0592
,-7.37883,8.36854e-16,25.1681
,-7.35694,9.11438e-16,25.2727
,-7.3332,8.62386e-16,25.378
,-7.32655,8.73186e-16,25.4824
,-7.29889,9.20117e-16,25.5982
,-7.37757,8.79331e-16,25.4146
,-7.1179,-6.80915e-16,25.9972
,-7.24361,9.76259e-16,26.052
,-7.20643,8.98299e-16,26.142
,-7.16595,9.13082e-16,26.2599
,-7.12856,8.8775e-16,26.3689
,-7.08965,8.6867e-16,26.4707
,-7.04806,9.08584e-16,26.5754
,-7.02651,8.93452e-16,26.6854
,-6.97982,8.72331e-16,26.8109
,-6.93128,9.00231e-16,26.9471
,-6.88114,8.43654e-16,27.0865
,-6.82925,8.77191e-16,27.2235
,-6.79983,8.65257e-16,27.3505
,-6.74363,8.56131e-16,27.4752
,-6.68514,8.226e-16,27.5992
,-6.62435,8.44807e-16,27.7233
,-6.69531,8.41629e-16,27.3423
,-6.37308,8.46062e-16,28.236
,-6.49688,8.23526e-16,28.2132
,-6.39845,8.41051e-16,28.3056
,-6.32075,8.49495e-16,28.4306
,-6.24611,7.50782e-16,28.5368
,-6.19857,8.9927e-16,28.6299
,-6.11722,8.29722e-16,28.7165
,-6.03381,7.83848e-16,28.8222
,-5.94804,7.93778e-16,28.9456
,-5.86005,7.41424e-16,29.081
,-5.799,7.82388e-16,29.2174
,-5.70681,7.54121e-16,29.3485
,-5.6124,7.17551e-16,29.4735
,-5.51574,7.59711e-16,29.5902
,-5.41658,7.63461e-16,29.7009
,-5.34511,7.42269e-16,29.8084
,-5.2408,7.23324e-16,29.9147
,-5.13396,7.478e-16,30.026
,-5.02491,7.31627e-16,30.1391
,-4.9136,7.42563e-16,30.2518
,-4.83141,7.35088e-16,30.3621
,-4.71565,7.61512e-16,30.4654
,-4.59747,7.07818e-16,30.5682
,-4.47719,7.48711e-16,30.6683
,-4.3547,6.79301e-16,30.7658
,-4.26236,6.76478e-16,30.8626
,-4.13572,6.84989e-16,30.9528
,-4.00674,6.73103e-16,31.0446
,-3.87586,6.43979e-16,31.1348
,-3.74303,6.02583e-16,31.2224
,-3.64137,6.26389e-16,31.3096
,-3.50501,6.44755e-16,31.3871
,-3.36644,6.09083e-16,31.4651
,-3.22621,5.74318e-16,31.5408
,-3.08428,5.04031e-16,31.6136
,-2.97439,6.00836e-16,31.6874
,-2.82963,5.98953e-16,31.7502
,-2.68285,5.88769e-16,31.8137
,-2.53471,5.76269e-16,31.8747
,-2.3852,5.14203e-16,31.9325
,-2.26846,5.40474e-16,31.9922
,-2.11696,5.57425e-16,32.0389
,-1.96316,5.21205e-16,32.0818
,-1.80708,4.77675e-16,32.117
,-1.65246,-8.05585e-16,32.1707
,-1.04253,3.71575e-16,31.8965
,-1.20076,4.66589e-16,32.0621
,-1.37649,3.47652e-16,32.348
,-1.27088,2.51189e-15,32.4677
,-1.11877,4.51063e-16,32.521
,-0.782344,7.7914e-17,32.4047
,-0.646615,3.54696e-16,32.4032
,-0.445508,3.94118e-16,32.3856
,-0.282975,3.75877e-16,32.3879
,-0.120359,3.53644e-16,32.3914
,0.00812151,3.48976e-16,32.4016
,0.169791,3.41823e-16,32.3949
,0.332452,2.97924e-16,32.3885
,0.494956,3.20825e-16,32.3792
,0.657203,2.75977e-16,32.3661
,0.785293,2.68522e-16,32.3596
,0.945583,2.13162e-16,32.3344
,1.10658,1.89723e-16,32.3094
,1.26702,1.92482e-16,32.2815
,1.42678,1.97516e-16,32.2501
,1.55247,1.85966e-16,32.2268
,1.70929,1.77849e-16,32.1839
,1.86653,1.65588e-16,32.1413
,2.02284,1.59621e-16,32.096
,2.17807,1.3352e-16,32.0472
,2.29951,1.1269e-16,32.0076
,2.45087,1.16101e-16,31.9477
,2.60241,8.89941e-17,31.8881
,2.75266,6.89829e-17,31.826
,2.90147,5.775e-17,31.7608
,3.01692,2.59428e-17,31.7059
,3.16103,2.076e-17,31.6303
,3.30507,-1.56377e-17,31.5551
,3.44752,-1.32809e-17,31.4776
,3.58822,-5.04995e-17,31.3973
,3.69618,-7.58091e-17,31.3284
,3.83145,-6.66566e-17,31.2384
,3.96645,-7.92575e-17,31.1491
,4.0996,-9.74027e-17,31.0578
,4.23074,-1.04369e-16,30.964
